uid,namedLocation,domainID,siteID,plotID,subplotID,startDate,endDate,flightYear,totalSampledArea,qualifyingVegetationArea,qualifyingVegetationPercent,dataQF,publicationDate,release
d8ca324e-a3b1-41e2-a81b-6472f48126cd,CLBJ_020.basePlot.ltr,D11,CLBJ,CLBJ_020,31_400,2016-04-22,2016-04-22,2016,400,0,0,,20240104T224934Z,RELEASE-2024
f006c0e7-8b20-4b2a-af47-dbef25914a0d,CLBJ_016.basePlot.ltr,D11,CLBJ,CLBJ_016,31_400,2016-04-22,2016-04-22,2016,400,238,59.5,,20240104T224934Z,RELEASE-2024
7ed21c95-c74e-4d64-99c7-a3608e8c9150,CLBJ_023.basePlot.ltr,D11,CLBJ,CLBJ_023,31_400,2016-04-22,2016-04-22,2016,400,79,19.75,,20240104T224934Z,RELEASE-2024
4d438113-8982-45c3-bf73-1354e4c2fc38,CLBJ_029.basePlot.ltr,D11,CLBJ,CLBJ_029,31_400,2016-04-22,2016-04-22,2016,400,335,83.75,,20240104T224934Z,RELEASE-2024
45e1e988-fb58-44b3-96d7-c6bd46130f75,CLBJ_030.basePlot.ltr,D11,CLBJ,CLBJ_030,31_400,2016-04-22,2016-04-22,2016,400,3,0.75,,20240104T224934Z,RELEASE-2024
e39c7500-fa97-4f67-82c9-4306b41cc1c6,CLBJ_013.basePlot.ltr,D11,CLBJ,CLBJ_013,31_400,2016-04-22,2016-04-22,2016,400,0,0,,20240104T224934Z,RELEASE-2024
339708a2-04bb-47dc-b463-770c01876127,CLBJ_008.basePlot.ltr,D11,CLBJ,CLBJ_008,31_400,2016-04-22,2016-04-22,2016,400,372,93,,20240104T224934Z,RELEASE-2024
dd804aba-e72e-4068-8565-e04ade00cb12,CLBJ_015.basePlot.ltr,D11,CLBJ,CLBJ_015,31_400,2016-04-22,2016-04-22,2016,400,327,81.75,,20240104T224934Z,RELEASE-2024
133c3add-58de-4248-9c3e-3c60cbb5b9de,CLBJ_011.basePlot.ltr,D11,CLBJ,CLBJ_011,31_400,2016-04-22,2016-04-22,2016,400,339,84.75,,20240104T224934Z,RELEASE-2024
cdee3072-bea3-474a-a101-6ed42486594a,CLBJ_009.basePlot.ltr,D11,CLBJ,CLBJ_009,31_400,2016-04-22,2016-04-22,2016,400,217,54.25,,20240104T224934Z,RELEASE-2024
1dc9fe6d-e07c-46f3-920a-cc228263eb33,CLBJ_010.basePlot.ltr,D11,CLBJ,CLBJ_010,31_400,2016-04-22,2016-04-22,2016,400,69,17.25,,20240104T224934Z,RELEASE-2024
49adf57d-8df3-42ce-ae4d-cbd289623ff3,CLBJ_027.basePlot.ltr,D11,CLBJ,CLBJ_027,31_400,2016-04-22,2016-04-22,2016,400,400,100,,20240104T224934Z,RELEASE-2024
a9cbe2bd-4d12-4ca5-a211-d4e50735cd21,CLBJ_024.basePlot.ltr,D11,CLBJ,CLBJ_024,31_400,2016-04-22,2016-04-22,2016,400,21,5.25,,20240104T224934Z,RELEASE-2024
b07369c3-dde1-4f1c-9e41-82dd9f87caae,CLBJ_022.basePlot.ltr,D11,CLBJ,CLBJ_022,31_400,2016-04-22,2016-04-22,2016,400,238,59.5,,20240104T224934Z,RELEASE-2024
756a3e39-99cb-417a-b0da-b2f9f74188ac,CLBJ_001.basePlot.ltr,D11,CLBJ,CLBJ_001,31_400,2016-04-22,2016-04-22,2016,400,0,0,,20240104T224934Z,RELEASE-2024
d46c81ac-d331-47fe-8a85-a81496055c6a,CLBJ_019.basePlot.ltr,D11,CLBJ,CLBJ_019,31_400,2016-04-22,2016-04-22,2016,400,14,3.5,,20240104T224934Z,RELEASE-2024
ed06cd66-d749-44ad-8368-c68acd7bb5ba,CLBJ_002.basePlot.ltr,D11,CLBJ,CLBJ_002,31_400,2016-04-22,2016-04-22,2016,400,334,83.5,,20240104T224934Z,RELEASE-2024
2550e8b1-fea9-4427-a38a-dee447a4b538,CLBJ_012.basePlot.ltr,D11,CLBJ,CLBJ_012,31_400,2016-04-22,2016-04-22,2016,400,397,99.25,,20240104T224934Z,RELEASE-2024
cbd5a1d9-679c-419f-b024-c29b6e79bae3,CLBJ_005.basePlot.ltr,D11,CLBJ,CLBJ_005,31_400,2016-04-22,2016-04-22,2016,400,353,88.25,,20240104T224934Z,RELEASE-2024
d9fc8ca5-8c93-4bf7-a573-f8e720a2c435,CLBJ_003.basePlot.ltr,D11,CLBJ,CLBJ_003,31_400,2016-04-22,2016-04-22,2016,400,299,74.75,,20240104T224934Z,RELEASE-2024
c0ec3ab7-d977-4bee-b724-10b69c584a4a,CLBJ_018.basePlot.ltr,D11,CLBJ,CLBJ_018,31_400,2016-04-22,2016-04-22,2016,400,111,27.75,,20240104T224934Z,RELEASE-2024
367f424b-9b46-477e-9c91-33153a1772f1,CLBJ_006.basePlot.ltr,D11,CLBJ,CLBJ_006,31_400,2016-04-22,2016-04-22,2016,400,25,6.25,,20240104T224934Z,RELEASE-2024
afd1410e-6bc7-449e-bd11-99a208409a6b,CLBJ_007.basePlot.ltr,D11,CLBJ,CLBJ_007,31_400,2016-04-22,2016-04-22,2016,400,278,69.5,,20240104T224934Z,RELEASE-2024
efeeed4d-a25e-4b4e-b839-94b39b7fc545,CLBJ_028.basePlot.ltr,D11,CLBJ,CLBJ_028,31_400,2016-04-22,2016-04-22,2016,400,380,95,,20240104T224934Z,RELEASE-2024
950f732d-496c-46da-aba1-39a2e018c612,CLBJ_021.basePlot.ltr,D11,CLBJ,CLBJ_021,31_400,2016-04-22,2016-04-22,2016,400,400,100,,20240104T224934Z,RELEASE-2024
0346a3ab-77be-44e1-9352-d43cce9bd30d,CLBJ_017.basePlot.ltr,D11,CLBJ,CLBJ_017,31_400,2016-04-22,2016-04-22,2016,400,338,84.5,,20240104T224934Z,RELEASE-2024
bd872933-042f-4f8c-8581-bce643706e3c,CLBJ_025.basePlot.ltr,D11,CLBJ,CLBJ_025,31_400,2016-04-22,2016-04-22,2016,400,12,3,,20240104T224934Z,RELEASE-2024
e78c8625-20cf-416a-bd43-04e463176d07,CLBJ_024.basePlot.ltr,D11,CLBJ,CLBJ_024,31_400,2016-04-22,2016-04-22,2016,400,21,5.25,,20240104T224934Z,RELEASE-2024
647555ba-ee8d-4911-a6cf-425903d4eb30,CLBJ_026.basePlot.ltr,D11,CLBJ,CLBJ_026,31_400,2016-04-22,2016-04-22,2016,400,192,48,,20240104T224934Z,RELEASE-2024
b6ad3063-8028-4d41-90f1-c00d78cbbbb0,CLBJ_014.basePlot.ltr,D11,CLBJ,CLBJ_014,31_400,2016-04-22,2016-04-22,2016,400,272,68,,20240104T224934Z,RELEASE-2024
fc04a89a-a6ab-4c4c-a666-35d633ae1e7d,CLBJ_004.basePlot.ltr,D11,CLBJ,CLBJ_004,31_400,2016-04-22,2016-04-22,2016,400,97,24.25,,20240104T224934Z,RELEASE-2024
405e81b5-737a-4ed7-b5b6-18926c81f79a,CLBJ_004.basePlot.ltr,D11,CLBJ,CLBJ_004,31_400,2017-05-01,2017-05-01,2017,400,104,26,,20240104T224934Z,RELEASE-2024
a1f3132b-8ac1-4e56-863c-2b8ba440b5f7,CLBJ_028.basePlot.ltr,D11,CLBJ,CLBJ_028,31_400,2017-05-01,2017-05-01,2017,400,373,93.25,,20240104T224934Z,RELEASE-2024
d360a00a-46aa-4f8e-b194-0ac02ef8e424,CLBJ_022.basePlot.ltr,D11,CLBJ,CLBJ_022,31_400,2017-05-01,2017-05-01,2017,400,218,54.5,,20240104T224934Z,RELEASE-2024
a37c9b2b-6480-4333-a4ed-08970c1b41ac,CLBJ_017.basePlot.ltr,D11,CLBJ,CLBJ_017,31_400,2017-05-01,2017-05-01,2017,400,365,91.25,,20240104T224934Z,RELEASE-2024
6f7b3266-56d2-4bef-b210-efa19f22d67f,CLBJ_006.basePlot.ltr,D11,CLBJ,CLBJ_006,31_400,2017-05-01,2017-05-01,2017,400,44,11,,20240104T224934Z,RELEASE-2024
d324f98a-5bfe-4128-b495-7eda49989176,CLBJ_014.basePlot.ltr,D11,CLBJ,CLBJ_014,31_400,2017-05-01,2017-05-01,2017,400,275,68.75,,20240104T224934Z,RELEASE-2024
ae215c26-0913-4eaf-84fa-e2397690ef78,CLBJ_002.basePlot.ltr,D11,CLBJ,CLBJ_002,31_400,2017-05-01,2017-05-01,2017,400,341,85.25,,20240104T224934Z,RELEASE-2024
fbf20949-4445-4db0-ab53-b63c453ee432,CLBJ_003.basePlot.ltr,D11,CLBJ,CLBJ_003,31_400,2017-05-01,2017-05-01,2017,400,317,79.25,,20240104T224934Z,RELEASE-2024
9e0d59eb-3d61-4af0-bea6-114f8b50e20f,CLBJ_012.basePlot.ltr,D11,CLBJ,CLBJ_012,31_400,2017-05-01,2017-05-01,2017,400,400,100,,20240104T224934Z,RELEASE-2024
5bf2bde7-c8e0-4b75-aa0f-6a8760d91018,CLBJ_020.basePlot.ltr,D11,CLBJ,CLBJ_020,31_400,2017-05-01,2017-05-01,2017,400,0,0,,20240104T224934Z,RELEASE-2024
e4cc2515-e722-4704-9a57-a2e07db666c4,CLBJ_015.basePlot.ltr,D11,CLBJ,CLBJ_015,31_400,2017-05-01,2017-05-01,2017,400,326,81.5,,20240104T224934Z,RELEASE-2024
c27c21cc-bc52-4047-a736-0c3d8dd4ad6a,CLBJ_026.basePlot.ltr,D11,CLBJ,CLBJ_026,31_400,2017-05-01,2017-05-01,2017,400,191,47.75,,20240104T224934Z,RELEASE-2024
f3c925a0-b64e-43d9-b61c-cb1cd7c0a5f0,CLBJ_001.basePlot.ltr,D11,CLBJ,CLBJ_001,31_400,2017-05-01,2017-05-01,2017,400,8,2,,20240104T224934Z,RELEASE-2024
3982738c-d78e-4a02-bf5b-44b789da440b,CLBJ_013.basePlot.ltr,D11,CLBJ,CLBJ_013,31_400,2017-05-01,2017-05-01,2017,400,0,0,,20240104T224934Z,RELEASE-2024
13546525-aaeb-450c-9fa9-2e9f46ea0c4d,CLBJ_007.basePlot.ltr,D11,CLBJ,CLBJ_007,31_400,2017-05-01,2017-05-01,2017,400,285,71.25,,20240104T224934Z,RELEASE-2024
f441719b-0522-4602-9d05-910155c8d407,CLBJ_009.basePlot.ltr,D11,CLBJ,CLBJ_009,31_400,2017-05-01,2017-05-01,2017,400,234,58.5,,20240104T224934Z,RELEASE-2024
c6cf52c0-b36e-4c7f-911e-975bc644bfbb,CLBJ_025.basePlot.ltr,D11,CLBJ,CLBJ_025,31_400,2017-05-01,2017-05-01,2017,400,22,5.5,,20240104T224934Z,RELEASE-2024
4116afd8-7bf8-4645-bddf-5d7c08b1cd8c,CLBJ_008.basePlot.ltr,D11,CLBJ,CLBJ_008,31_400,2017-05-01,2017-05-01,2017,400,389,97.25,,20240104T224934Z,RELEASE-2024
5072161f-48e0-4cd8-82b0-3a96b0c82a10,CLBJ_023.basePlot.ltr,D11,CLBJ,CLBJ_023,31_400,2017-05-01,2017-05-01,2017,400,86,21.5,,20240104T224934Z,RELEASE-2024
211fb23a-00ea-48cc-9458-3151253ecf69,CLBJ_005.basePlot.ltr,D11,CLBJ,CLBJ_005,31_400,2017-05-01,2017-05-01,2017,400,376,94,,20240104T224934Z,RELEASE-2024
fe90c584-fcf1-4ada-a568-af488abbe48b,CLBJ_010.basePlot.ltr,D11,CLBJ,CLBJ_010,31_400,2017-05-01,2017-05-01,2017,400,71,17.75,,20240104T224934Z,RELEASE-2024
721d331e-3490-4413-9853-a644d71b2567,CLBJ_011.basePlot.ltr,D11,CLBJ,CLBJ_011,31_400,2017-05-01,2017-05-01,2017,400,345,86.25,,20240104T224934Z,RELEASE-2024
b0d6fb5f-4554-4d83-a248-acd3630180ef,CLBJ_027.basePlot.ltr,D11,CLBJ,CLBJ_027,31_400,2017-05-01,2017-05-01,2017,400,400,100,,20240104T224934Z,RELEASE-2024
07dc9066-3b78-4f45-8bf8-c27992898e15,CLBJ_024.basePlot.ltr,D11,CLBJ,CLBJ_024,31_400,2017-05-01,2017-05-01,2017,400,30,7.5,,20240104T224934Z,RELEASE-2024
581a49f0-2b04-4be1-b230-f12ff84f17bb,CLBJ_019.basePlot.ltr,D11,CLBJ,CLBJ_019,31_400,2017-05-01,2017-05-01,2017,400,19,4.75,,20240104T224934Z,RELEASE-2024
084a95db-54a5-44db-941b-d72ee8578b18,CLBJ_029.basePlot.ltr,D11,CLBJ,CLBJ_029,31_400,2017-05-01,2017-05-01,2017,400,343,85.75,,20240104T224934Z,RELEASE-2024
4930e95a-9842-4ba2-a486-908ff4af1f2d,CLBJ_016.basePlot.ltr,D11,CLBJ,CLBJ_016,31_400,2017-05-01,2017-05-01,2017,400,276,69,,20240104T224934Z,RELEASE-2024
92455956-a0f1-4b9c-8332-422714f2d67d,CLBJ_024.basePlot.ltr,D11,CLBJ,CLBJ_024,31_400,2017-05-01,2017-05-01,2017,400,30,7.5,,20240104T224934Z,RELEASE-2024
a76e72b5-7f37-447b-8fcb-d4c4a0b797aa,CLBJ_018.basePlot.ltr,D11,CLBJ,CLBJ_018,31_400,2017-05-01,2017-05-01,2017,400,136,34,,20240104T224934Z,RELEASE-2024
c08cfdce-c992-4a60-bada-ed1cd952343f,CLBJ_030.basePlot.ltr,D11,CLBJ,CLBJ_030,31_400,2017-05-01,2017-05-01,2017,400,9,2.25,,20240104T224934Z,RELEASE-2024
e25b7a15-2fe1-4122-aa40-07ff6823d1e0,CLBJ_021.basePlot.ltr,D11,CLBJ,CLBJ_021,31_400,2017-05-01,2017-05-01,2017,400,400,100,,20240104T224934Z,RELEASE-2024
ce4a6dbb-3894-4948-9a2b-fc0f768dbe19,CLBJ_017.basePlot.ltr,D11,CLBJ,CLBJ_017,31_400,2018-04-24,2018-04-24,2018,400,371,92.75,,20240104T224934Z,RELEASE-2024
0ce76ffb-7067-41e6-acbb-0ded11299b20,CLBJ_020.basePlot.ltr,D11,CLBJ,CLBJ_020,31_400,2018-04-24,2018-04-24,2018,400,0,0,,20240104T224934Z,RELEASE-2024
e995ca82-db82-4ced-9d18-cec0d0fd2c47,CLBJ_002.basePlot.ltr,D11,CLBJ,CLBJ_002,31_400,2018-04-24,2018-04-24,2018,400,362,90.5,,20240104T224934Z,RELEASE-2024
8b652afa-9a12-4f76-b504-ea73af824d16,CLBJ_027.basePlot.ltr,D11,CLBJ,CLBJ_027,31_400,2018-04-24,2018-04-24,2018,400,400,100,,20240104T224934Z,RELEASE-2024
2958a629-8c07-439b-9fee-198d237d4586,CLBJ_026.basePlot.ltr,D11,CLBJ,CLBJ_026,31_400,2018-04-24,2018-04-24,2018,400,236,59,,20240104T224934Z,RELEASE-2024
d3d85382-7b9b-4a82-9a1f-ff2ac7526337,CLBJ_009.basePlot.ltr,D11,CLBJ,CLBJ_009,31_400,2018-04-24,2018-04-24,2018,400,252,63,,20240104T224934Z,RELEASE-2024
d5b28f7d-dfd4-4d6d-9b0e-e3d0eeed4f46,CLBJ_024.basePlot.ltr,D11,CLBJ,CLBJ_024,31_400,2018-04-24,2018-04-24,2018,400,29,7.25,,20240104T224934Z,RELEASE-2024
4c7aed60-250e-4631-a942-18173dde6844,CLBJ_022.basePlot.ltr,D11,CLBJ,CLBJ_022,31_400,2018-04-24,2018-04-24,2018,400,196,49,,20240104T224934Z,RELEASE-2024
7bf75687-5ad9-41fc-b338-a4e2626349dc,CLBJ_004.basePlot.ltr,D11,CLBJ,CLBJ_004,31_400,2018-04-24,2018-04-24,2018,400,108,27,,20240104T224934Z,RELEASE-2024
9962adb7-f5e6-40e7-a90c-faea12adeb5b,CLBJ_008.basePlot.ltr,D11,CLBJ,CLBJ_008,31_400,2018-04-24,2018-04-24,2018,400,393,98.25,,20240104T224934Z,RELEASE-2024
63eff4ae-2f3b-4d44-9c2a-1bad941cebd0,CLBJ_029.basePlot.ltr,D11,CLBJ,CLBJ_029,31_400,2018-04-24,2018-04-24,2018,400,345,86.25,,20240104T224934Z,RELEASE-2024
daed3645-c0a3-42b0-a86a-9e397f8d38d5,CLBJ_003.basePlot.ltr,D11,CLBJ,CLBJ_003,31_400,2018-04-24,2018-04-24,2018,400,320,80,,20240104T224934Z,RELEASE-2024
ddc766c2-b41d-47bb-ae08-3a265db42c8f,CLBJ_016.basePlot.ltr,D11,CLBJ,CLBJ_016,31_400,2018-04-24,2018-04-24,2018,400,304,76,,20240104T224934Z,RELEASE-2024
afb6340e-b6ef-4afa-8f67-6bacd97e5b4f,CLBJ_013.basePlot.ltr,D11,CLBJ,CLBJ_013,31_400,2018-04-24,2018-04-24,2018,400,0,0,,20240104T224934Z,RELEASE-2024
efbda9e7-e39b-469a-912c-439bc463d5c8,CLBJ_023.basePlot.ltr,D11,CLBJ,CLBJ_023,31_400,2018-04-24,2018-04-24,2018,400,90,22.5,,20240104T224934Z,RELEASE-2024
bd889c01-992b-4f0e-9ff4-6a3375c68db0,CLBJ_015.basePlot.ltr,D11,CLBJ,CLBJ_015,31_400,2018-04-24,2018-04-24,2018,400,335,83.75,,20240104T224934Z,RELEASE-2024
7fa122e5-3b92-47b4-b234-2e240cc778e2,CLBJ_012.basePlot.ltr,D11,CLBJ,CLBJ_012,31_400,2018-04-24,2018-04-24,2018,400,400,100,,20240104T224934Z,RELEASE-2024
1c2dc270-1050-4492-acf7-aa422fa31dab,CLBJ_030.basePlot.ltr,D11,CLBJ,CLBJ_030,31_400,2018-04-24,2018-04-24,2018,400,26,6.5,,20240104T224934Z,RELEASE-2024
641c2f26-0e3f-4971-9f5f-dbb3ce836eb1,CLBJ_024.basePlot.ltr,D11,CLBJ,CLBJ_024,31_400,2018-04-24,2018-04-24,2018,400,29,7.25,,20240104T224934Z,RELEASE-2024
419f3c83-52d6-42ed-b840-5c6f4cf33825,CLBJ_021.basePlot.ltr,D11,CLBJ,CLBJ_021,31_400,2018-04-24,2018-04-24,2018,400,395,98.75,,20240104T224934Z,RELEASE-2024
df0535ec-3196-4ccf-ae24-7e47d2faca9e,CLBJ_005.basePlot.ltr,D11,CLBJ,CLBJ_005,31_400,2018-04-24,2018-04-24,2018,400,386,96.5,,20240104T224934Z,RELEASE-2024
81d79f48-4dbc-49af-8d87-80317f911b67,CLBJ_011.basePlot.ltr,D11,CLBJ,CLBJ_011,31_400,2018-04-24,2018-04-24,2018,400,344,86,,20240104T224934Z,RELEASE-2024
649af5aa-e5ac-44cd-91b2-3117ef3f0a12,CLBJ_007.basePlot.ltr,D11,CLBJ,CLBJ_007,31_400,2018-04-24,2018-04-24,2018,400,290,72.5,,20240104T224934Z,RELEASE-2024
88342050-e84d-427a-bab0-bf540c53b8ff,CLBJ_018.basePlot.ltr,D11,CLBJ,CLBJ_018,31_400,2018-04-24,2018-04-24,2018,400,166,41.5,,20240104T224934Z,RELEASE-2024
2aad9541-0f00-4e97-adc9-2678f72049b5,CLBJ_025.basePlot.ltr,D11,CLBJ,CLBJ_025,31_400,2018-04-24,2018-04-24,2018,400,36,9,,20240104T224934Z,RELEASE-2024
360151c8-a1be-4797-995d-e1a208ffe52a,CLBJ_028.basePlot.ltr,D11,CLBJ,CLBJ_028,31_400,2018-04-24,2018-04-24,2018,400,393,98.25,,20240104T224934Z,RELEASE-2024
9673002f-9d44-4cee-bd5e-a6a2bbb5888c,CLBJ_014.basePlot.ltr,D11,CLBJ,CLBJ_014,31_400,2018-04-24,2018-04-24,2018,400,307,76.75,,20240104T224934Z,RELEASE-2024
3c9ca2cc-1ce5-46bd-9481-80b1d9269c4e,CLBJ_001.basePlot.ltr,D11,CLBJ,CLBJ_001,31_400,2018-04-24,2018-04-24,2018,400,23,5.75,,20240104T224934Z,RELEASE-2024
61c6d096-656d-4ea6-87a6-b0f03c11d3b4,CLBJ_006.basePlot.ltr,D11,CLBJ,CLBJ_006,31_400,2018-04-24,2018-04-24,2018,400,68,17,,20240104T224934Z,RELEASE-2024
d1a0c409-3b61-45f8-b7a8-9cf6ce6b0e2f,CLBJ_019.basePlot.ltr,D11,CLBJ,CLBJ_019,31_400,2018-04-24,2018-04-24,2018,400,18,4.5,,20240104T224934Z,RELEASE-2024
5693ccec-703f-42a5-a951-4d42caa3807c,CLBJ_010.basePlot.ltr,D11,CLBJ,CLBJ_010,31_400,2018-04-24,2018-04-24,2018,400,89,22.25,,20240104T224934Z,RELEASE-2024
3c709c15-f933-4730-b1b6-516179a856d2,CLBJ_020.basePlot.ltr,D11,CLBJ,CLBJ_020,31_400,2019-04-19,2019-04-20,2019,400,0,0,,20240104T224934Z,RELEASE-2024
78e7e1cb-0e78-43c9-b843-2e596796d381,CLBJ_023.basePlot.ltr,D11,CLBJ,CLBJ_023,31_400,2019-04-19,2019-04-20,2019,400,99,24.75,,20240104T224934Z,RELEASE-2024
5592c323-76bf-4205-83ef-24db077b653b,CLBJ_028.basePlot.ltr,D11,CLBJ,CLBJ_028,31_400,2019-04-19,2019-04-20,2019,400,395,98.75,,20240104T224934Z,RELEASE-2024
08cd6dc0-ec38-40e3-93b5-03ce3b42824c,CLBJ_022.basePlot.ltr,D11,CLBJ,CLBJ_022,31_400,2019-04-19,2019-04-20,2019,400,196,49,,20240104T224934Z,RELEASE-2024
21900048-96ed-4fe9-a5b4-7bde5bca0379,CLBJ_018.basePlot.ltr,D11,CLBJ,CLBJ_018,31_400,2019-04-19,2019-04-20,2019,400,180,45,,20240104T224934Z,RELEASE-2024
1518e22a-461f-4736-aec8-4cfaff79b211,CLBJ_003.basePlot.ltr,D11,CLBJ,CLBJ_003,31_400,2019-04-19,2019-04-20,2019,400,327,81.75,,20240104T224934Z,RELEASE-2024
40a9d5e7-752d-413c-9d7d-ee70b09e3b5b,CLBJ_019.basePlot.ltr,D11,CLBJ,CLBJ_019,31_400,2019-04-19,2019-04-20,2019,400,25,6.25,,20240104T224934Z,RELEASE-2024
a82393ff-442d-4590-ab9e-7582de6002e5,CLBJ_030.basePlot.ltr,D11,CLBJ,CLBJ_030,31_400,2019-04-19,2019-04-20,2019,400,42,10.5,,20240104T224934Z,RELEASE-2024
b9a568b8-b524-436e-9385-3faa8ea28ed3,CLBJ_005.basePlot.ltr,D11,CLBJ,CLBJ_005,31_400,2019-04-19,2019-04-20,2019,400,391,97.75,,20240104T224934Z,RELEASE-2024
5246f08e-279b-4b36-8726-701cb171b8f5,CLBJ_021.basePlot.ltr,D11,CLBJ,CLBJ_021,31_400,2019-04-19,2019-04-20,2019,400,400,100,,20240104T224934Z,RELEASE-2024
a6dad9f0-5c3a-4eab-9d15-5ab53a600c30,CLBJ_006.basePlot.ltr,D11,CLBJ,CLBJ_006,31_400,2019-04-19,2019-04-20,2019,400,92,23,,20240104T224934Z,RELEASE-2024
fd2f4a3e-10db-43ce-ae8b-c6a0e7fbe0b1,CLBJ_009.basePlot.ltr,D11,CLBJ,CLBJ_009,31_400,2019-04-19,2019-04-20,2019,400,257,64.25,,20240104T224934Z,RELEASE-2024
a532452c-f4fe-4f5d-ab3a-87d5b697b935,CLBJ_026.basePlot.ltr,D11,CLBJ,CLBJ_026,31_400,2019-04-19,2019-04-20,2019,400,263,65.75,,20240104T224934Z,RELEASE-2024
548b0c21-f931-4b90-a793-38d31036e4b2,CLBJ_010.basePlot.ltr,D11,CLBJ,CLBJ_010,31_400,2019-04-19,2019-04-20,2019,400,105,26.25,,20240104T224934Z,RELEASE-2024
f1ba30a3-3a81-46b5-9689-7c10f084c144,CLBJ_016.basePlot.ltr,D11,CLBJ,CLBJ_016,31_400,2019-04-19,2019-04-20,2019,400,322,80.5,,20240104T224934Z,RELEASE-2024
2121003d-134d-4d1c-b660-42170baccddf,CLBJ_008.basePlot.ltr,D11,CLBJ,CLBJ_008,31_400,2019-04-19,2019-04-20,2019,400,399,99.75,,20240104T224934Z,RELEASE-2024
00b47dd5-aebc-4e17-a780-955e78ae1b68,CLBJ_024.basePlot.ltr,D11,CLBJ,CLBJ_024,31_400,2019-04-19,2019-04-20,2019,400,34,8.5,,20240104T224934Z,RELEASE-2024
b68b8c6d-e538-48ce-86bf-76ffafecc839,CLBJ_001.basePlot.ltr,D11,CLBJ,CLBJ_001,31_400,2019-04-19,2019-04-20,2019,400,25,6.25,,20240104T224934Z,RELEASE-2024
2c1920e5-4862-4762-bf76-0aef3303895a,CLBJ_002.basePlot.ltr,D11,CLBJ,CLBJ_002,31_400,2019-04-19,2019-04-20,2019,400,368,92,,20240104T224934Z,RELEASE-2024
53270088-fc45-4c66-89be-ad5819f45435,CLBJ_029.basePlot.ltr,D11,CLBJ,CLBJ_029,31_400,2019-04-19,2019-04-20,2019,400,347,86.75,,20240104T224934Z,RELEASE-2024
205b9554-3928-4834-a148-4595835c5385,CLBJ_015.basePlot.ltr,D11,CLBJ,CLBJ_015,31_400,2019-04-19,2019-04-20,2019,400,342,85.5,,20240104T224934Z,RELEASE-2024
e9b385dc-7f2e-446d-b3b2-07a89a5bd5da,CLBJ_027.basePlot.ltr,D11,CLBJ,CLBJ_027,31_400,2019-04-19,2019-04-20,2019,400,400,100,,20240104T224934Z,RELEASE-2024
a0109f7d-051f-4cef-a656-3deb92e1fad5,CLBJ_007.basePlot.ltr,D11,CLBJ,CLBJ_007,31_400,2019-04-19,2019-04-20,2019,400,302,75.5,,20240104T224934Z,RELEASE-2024
eb9886e1-e15a-43b1-92af-a0b4d15939bb,CLBJ_004.basePlot.ltr,D11,CLBJ,CLBJ_004,31_400,2019-04-19,2019-04-20,2019,400,119,29.75,,20240104T224934Z,RELEASE-2024
8a58b9d9-88a7-476a-a69a-51dcdd84de60,CLBJ_011.basePlot.ltr,D11,CLBJ,CLBJ_011,31_400,2019-04-19,2019-04-20,2019,400,347,86.75,,20240104T224934Z,RELEASE-2024
489f6a9f-57ab-430d-9315-7bc6cbfd3ef7,CLBJ_025.basePlot.ltr,D11,CLBJ,CLBJ_025,31_400,2019-04-19,2019-04-20,2019,400,43,10.75,,20240104T224934Z,RELEASE-2024
81fb74e9-0e41-43e0-829d-267eeaf6d3b3,CLBJ_017.basePlot.ltr,D11,CLBJ,CLBJ_017,31_400,2019-04-19,2019-04-20,2019,400,370,92.5,,20240104T224934Z,RELEASE-2024
69020c4a-1f53-4cd2-86f4-c6b37e9221ee,CLBJ_014.basePlot.ltr,D11,CLBJ,CLBJ_014,31_400,2019-04-19,2019-04-20,2019,400,311,77.75,,20240104T224934Z,RELEASE-2024
2f4ad786-7261-44b3-bf2d-bc1789982eb0,CLBJ_013.basePlot.ltr,D11,CLBJ,CLBJ_013,31_400,2019-04-19,2019-04-20,2019,400,0,0,,20240104T224934Z,RELEASE-2024
2e0f6867-5182-4c1a-b28c-f64d657a3ebd,CLBJ_024.basePlot.ltr,D11,CLBJ,CLBJ_024,31_400,2019-04-19,2019-04-20,2019,400,34,8.5,,20240104T224934Z,RELEASE-2024
e9a556c6-02ba-4d6e-a0a2-1dda5f8168f1,CLBJ_012.basePlot.ltr,D11,CLBJ,CLBJ_012,31_400,2019-04-19,2019-04-20,2019,400,400,100,,20240104T224934Z,RELEASE-2024
db6df15c-b1fe-40ea-a7d8-8bdcd1a0cdd9,CLBJ_028.basePlot.ltr,D11,CLBJ,CLBJ_028,31_400,2021-06-19,2021-06-25,2021,400,394,98.5,,20240104T224934Z,RELEASE-2024
eda7d4f7-3154-42ae-b5a4-ec4aeac11f36,CLBJ_014.basePlot.ltr,D11,CLBJ,CLBJ_014,31_400,2021-06-19,2021-06-25,2021,400,332,83,,20240104T224934Z,RELEASE-2024
0d8e8994-c8d6-4d65-a80b-9a37871ddb90,CLBJ_002.basePlot.ltr,D11,CLBJ,CLBJ_002,31_400,2021-06-19,2021-06-25,2021,400,380,95,,20240104T224934Z,RELEASE-2024
4e05f4c8-d20b-4408-b0a7-91d67d319577,CLBJ_004.basePlot.ltr,D11,CLBJ,CLBJ_004,31_400,2021-06-19,2021-06-25,2021,400,141,35.25,,20240104T224934Z,RELEASE-2024
9eda57ec-177c-4f83-91c9-14dcf2be4f42,CLBJ_030.basePlot.ltr,D11,CLBJ,CLBJ_030,31_400,2021-06-19,2021-06-25,2021,400,76,19,,20240104T224934Z,RELEASE-2024
3bc8b3f0-c5bf-4736-9513-a162acf754b6,CLBJ_010.basePlot.ltr,D11,CLBJ,CLBJ_010,31_400,2021-06-19,2021-06-25,2021,400,128,32,,20240104T224934Z,RELEASE-2024
46292970-9c63-4609-9acb-3963053a6ff8,CLBJ_016.basePlot.ltr,D11,CLBJ,CLBJ_016,31_400,2021-06-19,2021-06-25,2021,400,319,79.75,,20240104T224934Z,RELEASE-2024
acbaa6f7-d617-427e-b78d-8d25547d0923,CLBJ_008.basePlot.ltr,D11,CLBJ,CLBJ_008,31_400,2021-06-19,2021-06-25,2021,400,399,99.75,,20240104T224934Z,RELEASE-2024
d46a4727-6a34-48d7-9896-013b5a9ef863,CLBJ_021.basePlot.ltr,D11,CLBJ,CLBJ_021,31_400,2021-06-19,2021-06-25,2021,400,398,99.5,,20240104T224934Z,RELEASE-2024
a602d9b5-a258-42a9-aca6-a716c0b82d0e,CLBJ_022.basePlot.ltr,D11,CLBJ,CLBJ_022,31_400,2021-06-19,2021-06-25,2021,400,204,51,,20240104T224934Z,RELEASE-2024
3159e61c-0869-471c-ab0a-62553388893c,CLBJ_024.basePlot.ltr,D11,CLBJ,CLBJ_024,31_400,2021-06-19,2021-06-25,2021,400,25,6.25,,20240104T224934Z,RELEASE-2024
4f24b1f7-1f37-48eb-a8d7-3db909f2b350,CLBJ_005.basePlot.ltr,D11,CLBJ,CLBJ_005,31_400,2021-06-19,2021-06-25,2021,400,400,100,,20240104T224934Z,RELEASE-2024
5f29187a-d0c2-4a7f-8e7a-c55bf9c3c08a,CLBJ_015.basePlot.ltr,D11,CLBJ,CLBJ_015,31_400,2021-06-19,2021-06-25,2021,400,336,84,,20240104T224934Z,RELEASE-2024
6157359e-3306-4f19-b04a-81d8460bf1dc,CLBJ_011.basePlot.ltr,D11,CLBJ,CLBJ_011,31_400,2021-06-19,2021-06-25,2021,400,348,87,,20240104T224934Z,RELEASE-2024
7f42157d-fc91-453d-8a1e-b3fc95228b4f,CLBJ_029.basePlot.ltr,D11,CLBJ,CLBJ_029,31_400,2021-06-19,2021-06-25,2021,400,351,87.75,,20240104T224934Z,RELEASE-2024
4925bbce-5f6e-4121-bbb7-48ced644fdc6,CLBJ_023.basePlot.ltr,D11,CLBJ,CLBJ_023,31_400,2021-06-19,2021-06-25,2021,400,121,30.25,,20240104T224934Z,RELEASE-2024
1a4041d9-3b95-4e2b-b039-ab37b87815f2,CLBJ_007.basePlot.ltr,D11,CLBJ,CLBJ_007,31_400,2021-06-19,2021-06-25,2021,400,303,75.75,,20240104T224934Z,RELEASE-2024
5a70b615-e907-4f78-90ff-71204fb22458,CLBJ_009.basePlot.ltr,D11,CLBJ,CLBJ_009,31_400,2021-06-19,2021-06-25,2021,400,260,65,,20240104T224934Z,RELEASE-2024
8810dcd1-7d31-4e66-8b35-99b3355a5cbf,CLBJ_026.basePlot.ltr,D11,CLBJ,CLBJ_026,31_400,2021-06-19,2021-06-25,2021,400,273,68.25,,20240104T224934Z,RELEASE-2024
997f050b-5310-429a-97a9-1459cd41d71a,CLBJ_013.basePlot.ltr,D11,CLBJ,CLBJ_013,31_400,2021-06-19,2021-06-25,2021,400,0,0,,20240104T224934Z,RELEASE-2024
c728132c-8fad-4719-863f-92384bbe0bdd,CLBJ_024.basePlot.ltr,D11,CLBJ,CLBJ_024,31_400,2021-06-19,2021-06-25,2021,400,25,6.25,,20240104T224934Z,RELEASE-2024
409be4cf-97c3-4bab-8823-aba29619418b,CLBJ_017.basePlot.ltr,D11,CLBJ,CLBJ_017,31_400,2021-06-19,2021-06-25,2021,400,368,92,,20240104T224934Z,RELEASE-2024
cb7f7311-6545-4e77-a241-e04ddbf030bd,CLBJ_025.basePlot.ltr,D11,CLBJ,CLBJ_025,31_400,2021-06-19,2021-06-25,2021,400,49,12.25,,20240104T224934Z,RELEASE-2024
86451f5d-0389-4772-8f3a-87c999c4f4be,CLBJ_019.basePlot.ltr,D11,CLBJ,CLBJ_019,31_400,2021-06-19,2021-06-25,2021,400,27,6.75,,20240104T224934Z,RELEASE-2024
2ac11967-92f4-4eae-81b9-e6ab70129495,CLBJ_001.basePlot.ltr,D11,CLBJ,CLBJ_001,31_400,2021-06-19,2021-06-25,2021,400,35,8.75,,20240104T224934Z,RELEASE-2024
65423139-4b1d-4220-b00b-162ddf6ae32f,CLBJ_003.basePlot.ltr,D11,CLBJ,CLBJ_003,31_400,2021-06-19,2021-06-25,2021,400,341,85.25,,20240104T224934Z,RELEASE-2024
7699c2ee-b30c-4471-92d0-75bdc64fb109,CLBJ_020.basePlot.ltr,D11,CLBJ,CLBJ_020,31_400,2021-06-19,2021-06-25,2021,400,0,0,,20240104T224934Z,RELEASE-2024
9e520df7-212a-4af8-803c-b702844980ec,CLBJ_006.basePlot.ltr,D11,CLBJ,CLBJ_006,31_400,2021-06-19,2021-06-25,2021,400,119,29.75,,20240104T224934Z,RELEASE-2024
68a8385c-f61a-4347-833f-83d938a8a53d,CLBJ_027.basePlot.ltr,D11,CLBJ,CLBJ_027,31_400,2021-06-19,2021-06-25,2021,400,400,100,,20240104T224934Z,RELEASE-2024
69ef48d1-f6ff-43e7-86ad-f348d44e6686,CLBJ_018.basePlot.ltr,D11,CLBJ,CLBJ_018,31_400,2021-06-19,2021-06-25,2021,400,183,45.75,,20240104T224934Z,RELEASE-2024
920062e5-6b0e-4c65-ab83-53b2ccfab52e,CLBJ_012.basePlot.ltr,D11,CLBJ,CLBJ_012,31_400,2021-06-19,2021-06-25,2021,400,400,100,,20240104T224934Z,RELEASE-2024
355c7cb5-35d8-45d4-a0a4-454afe6a988c,CLBJ_015.basePlot.ltr,D11,CLBJ,CLBJ_015,31_400,2022-05-06,2022-05-06,2022,400,340,85,,20240104T224934Z,RELEASE-2024
caa4355d-1bf1-4eef-8649-371f7bf854ba,CLBJ_023.basePlot.ltr,D11,CLBJ,CLBJ_023,31_400,2022-05-06,2022-05-06,2022,400,120,30,,20240104T224934Z,RELEASE-2024
60aca1d7-28b2-4e00-9971-4714c3df2211,CLBJ_019.basePlot.ltr,D11,CLBJ,CLBJ_019,31_400,2022-05-06,2022-05-06,2022,400,35,8.75,,20240104T224934Z,RELEASE-2024
2c20694a-0cad-4d30-a0b7-9db917591e00,CLBJ_011.basePlot.ltr,D11,CLBJ,CLBJ_011,31_400,2022-05-06,2022-05-06,2022,400,344,86,,20240104T224934Z,RELEASE-2024
0e3e0ad1-6dc0-4249-ae5d-55b5d2b5d24a,CLBJ_026.basePlot.ltr,D11,CLBJ,CLBJ_026,31_400,2022-05-06,2022-05-06,2022,400,274,68.5,,20240104T224934Z,RELEASE-2024
59e5bfca-bbcc-49bf-a71c-3927eb19bf4f,CLBJ_024.basePlot.ltr,D11,CLBJ,CLBJ_024,31_400,2022-05-06,2022-05-06,2022,400,29,7.25,,20240104T224934Z,RELEASE-2024
55a4218b-3d96-429a-99d2-59c0edbb75da,CLBJ_002.basePlot.ltr,D11,CLBJ,CLBJ_002,31_400,2022-05-06,2022-05-06,2022,400,378,94.5,,20240104T224934Z,RELEASE-2024
f5be79d2-e98b-4171-975e-ea9814d06a69,CLBJ_021.basePlot.ltr,D11,CLBJ,CLBJ_021,31_400,2022-05-06,2022-05-06,2022,400,400,100,,20240104T224934Z,RELEASE-2024
a2c8689c-9a17-4aac-9d77-125cecce46dc,CLBJ_008.basePlot.ltr,D11,CLBJ,CLBJ_008,31_400,2022-05-06,2022-05-06,2022,400,397,99.25,,20240104T224934Z,RELEASE-2024
724fcc1d-f35c-45e1-ac2f-19a2fb3f5bbc,CLBJ_020.basePlot.ltr,D11,CLBJ,CLBJ_020,31_400,2022-05-06,2022-05-06,2022,400,0,0,,20240104T224934Z,RELEASE-2024
caa26c71-df0b-4c90-a2ba-4af96f965b80,CLBJ_027.basePlot.ltr,D11,CLBJ,CLBJ_027,31_400,2022-05-06,2022-05-06,2022,400,400,100,,20240104T224934Z,RELEASE-2024
c415215e-cd1a-4258-8667-35b5cdff98d0,CLBJ_029.basePlot.ltr,D11,CLBJ,CLBJ_029,31_400,2022-05-06,2022-05-06,2022,400,348,87,,20240104T224934Z,RELEASE-2024
74937503-7f17-4df6-80ad-502e431d39a4,CLBJ_006.basePlot.ltr,D11,CLBJ,CLBJ_006,31_400,2022-05-06,2022-05-06,2022,400,132,33,,20240104T224934Z,RELEASE-2024
1b8fc17f-b97b-4e2c-a3ac-ed8a808f630e,CLBJ_018.basePlot.ltr,D11,CLBJ,CLBJ_018,31_400,2022-05-06,2022-05-06,2022,400,189,47.25,,20240104T224934Z,RELEASE-2024
f3d18439-f365-490a-bb51-c8866e98281e,CLBJ_028.basePlot.ltr,D11,CLBJ,CLBJ_028,31_400,2022-05-06,2022-05-06,2022,400,381,95.25,,20240104T224934Z,RELEASE-2024
9a4b0db9-d89b-4aa3-98f4-62e240df618b,CLBJ_030.basePlot.ltr,D11,CLBJ,CLBJ_030,31_400,2022-05-06,2022-05-06,2022,400,90,22.5,,20240104T224934Z,RELEASE-2024
b3c077b6-4e21-44f6-8efd-46dcb9349b6a,CLBJ_016.basePlot.ltr,D11,CLBJ,CLBJ_016,31_400,2022-05-06,2022-05-06,2022,400,325,81.25,,20240104T224934Z,RELEASE-2024
923bdf66-b3d6-4646-aefa-c19f90bb0f78,CLBJ_017.basePlot.ltr,D11,CLBJ,CLBJ_017,31_400,2022-05-06,2022-05-06,2022,400,361,90.25,,20240104T224934Z,RELEASE-2024
b5730b0b-d809-4dca-8fab-2299b9d88354,CLBJ_024.basePlot.ltr,D11,CLBJ,CLBJ_024,31_400,2022-05-06,2022-05-06,2022,400,29,7.25,,20240104T224934Z,RELEASE-2024
dea4a01f-5b18-4905-99ba-16a6388a84fe,CLBJ_007.basePlot.ltr,D11,CLBJ,CLBJ_007,31_400,2022-05-06,2022-05-06,2022,400,306,76.5,,20240104T224934Z,RELEASE-2024
cd2e3c43-0918-4e46-8039-48f93d15c9f1,CLBJ_004.basePlot.ltr,D11,CLBJ,CLBJ_004,31_400,2022-05-06,2022-05-06,2022,400,143,35.75,,20240104T224934Z,RELEASE-2024
8741971b-80fe-42a5-aee0-5d0ace691cef,CLBJ_010.basePlot.ltr,D11,CLBJ,CLBJ_010,31_400,2022-05-06,2022-05-06,2022,400,134,33.5,,20240104T224934Z,RELEASE-2024
ff2e9b07-cb52-4460-a224-8a53787492ad,CLBJ_012.basePlot.ltr,D11,CLBJ,CLBJ_012,31_400,2022-05-06,2022-05-06,2022,400,400,100,,20240104T224934Z,RELEASE-2024
9ba304da-8385-49f8-a9b4-167213b91e1a,CLBJ_014.basePlot.ltr,D11,CLBJ,CLBJ_014,31_400,2022-05-06,2022-05-06,2022,400,326,81.5,,20240104T224934Z,RELEASE-2024
daf91f7e-6e80-42e8-b2e6-d9e6676a3524,CLBJ_025.basePlot.ltr,D11,CLBJ,CLBJ_025,31_400,2022-05-06,2022-05-06,2022,400,50,12.5,,20240104T224934Z,RELEASE-2024
8e09665e-40da-42b0-9b73-06bbd43b6381,CLBJ_003.basePlot.ltr,D11,CLBJ,CLBJ_003,31_400,2022-05-06,2022-05-06,2022,400,334,83.5,,20240104T224934Z,RELEASE-2024
b390dcc6-6711-489a-b92b-0c496f4d7ab8,CLBJ_022.basePlot.ltr,D11,CLBJ,CLBJ_022,31_400,2022-05-06,2022-05-06,2022,400,227,56.75,,20240104T224934Z,RELEASE-2024
6fba767a-cca6-47d8-8990-ca13a6cc4552,CLBJ_001.basePlot.ltr,D11,CLBJ,CLBJ_001,31_400,2022-05-06,2022-05-06,2022,400,33,8.25,,20240104T224934Z,RELEASE-2024
dd71dfe5-1106-4513-8184-c2adaa617f19,CLBJ_005.basePlot.ltr,D11,CLBJ,CLBJ_005,31_400,2022-05-06,2022-05-06,2022,400,398,99.5,,20240104T224934Z,RELEASE-2024
7990924a-1c26-40f5-8593-0169a892ee0d,CLBJ_009.basePlot.ltr,D11,CLBJ,CLBJ_009,31_400,2022-05-06,2022-05-06,2022,400,253,63.25,,20240104T224934Z,RELEASE-2024
abf14ab5-2636-4a0b-af2a-7246f25f6738,CLBJ_013.basePlot.ltr,D11,CLBJ,CLBJ_013,31_400,2022-05-06,2022-05-06,2022,400,0,0,,20240104T224934Z,RELEASE-2024
cfdd48b0-72b0-4204-89dc-5cddf1b1c115,CLBJ_017.basePlot.ltr,D11,CLBJ,CLBJ_017,31_400,2023-05-17,2023-05-17,2023,400,373,93.25,,20240104T224934Z,RELEASE-2024
45d2f548-5830-436c-9e30-8b7021bd1924,CLBJ_001.basePlot.ltr,D11,CLBJ,CLBJ_001,31_400,2023-05-17,2023-05-17,2023,400,51,12.75,,20240104T224934Z,RELEASE-2024
e43608e6-fa9c-4d81-a268-e077a1822ff9,CLBJ_002.basePlot.ltr,D11,CLBJ,CLBJ_002,31_400,2023-05-17,2023-05-17,2023,400,381,95.25,,20240104T224934Z,RELEASE-2024
8ee94718-ac74-454b-8793-255009411842,CLBJ_004.basePlot.ltr,D11,CLBJ,CLBJ_004,31_400,2023-05-17,2023-05-17,2023,400,166,41.5,,20240104T224934Z,RELEASE-2024
4d626f4a-b7f0-4c89-9f08-873f8326c47e,CLBJ_015.basePlot.ltr,D11,CLBJ,CLBJ_015,31_400,2023-05-17,2023-05-17,2023,400,346,86.5,,20240104T224934Z,RELEASE-2024
364bbdd3-cb00-41b0-bdba-a5b403e37319,CLBJ_007.basePlot.ltr,D11,CLBJ,CLBJ_007,31_400,2023-05-17,2023-05-17,2023,400,313,78.25,,20240104T224934Z,RELEASE-2024
8e74d7d3-edac-4f6a-a163-568f76540983,CLBJ_008.basePlot.ltr,D11,CLBJ,CLBJ_008,31_400,2023-05-17,2023-05-17,2023,400,399,99.75,,20240104T224934Z,RELEASE-2024
e9db655a-3b90-4640-8fdb-6a2b26530aec,CLBJ_029.basePlot.ltr,D11,CLBJ,CLBJ_029,31_400,2023-05-17,2023-05-17,2023,400,353,88.25,,20240104T224934Z,RELEASE-2024
eebdde2c-667f-46e7-9400-0077e4034a1c,CLBJ_014.basePlot.ltr,D11,CLBJ,CLBJ_014,31_400,2023-05-17,2023-05-17,2023,400,347,86.75,,20240104T224934Z,RELEASE-2024
9ff8f785-4349-4462-91f6-81fa986fb0d7,CLBJ_023.basePlot.ltr,D11,CLBJ,CLBJ_023,31_400,2023-05-17,2023-05-17,2023,400,138,34.5,,20240104T224934Z,RELEASE-2024
e78c58fc-527c-4058-88ff-18e0af781534,CLBJ_016.basePlot.ltr,D11,CLBJ,CLBJ_016,31_400,2023-05-17,2023-05-17,2023,400,342,85.5,,20240104T224934Z,RELEASE-2024
74710fc5-eb9a-4a0a-95e9-1e9274106fdc,CLBJ_027.basePlot.ltr,D11,CLBJ,CLBJ_027,31_400,2023-05-17,2023-05-17,2023,400,400,100,,20240104T224934Z,RELEASE-2024
511d96ec-781c-4b2e-bb88-45464cef26d8,CLBJ_011.basePlot.ltr,D11,CLBJ,CLBJ_011,31_400,2023-05-17,2023-05-17,2023,400,349,87.25,,20240104T224934Z,RELEASE-2024
a00d6456-091c-4d75-b3c7-51d73793e0a0,CLBJ_019.basePlot.ltr,D11,CLBJ,CLBJ_019,31_400,2023-05-17,2023-05-17,2023,400,38,9.5,,20240104T224934Z,RELEASE-2024
c06758f8-de27-404c-9b98-e01dd7433e7b,CLBJ_005.basePlot.ltr,D11,CLBJ,CLBJ_005,31_400,2023-05-17,2023-05-17,2023,400,400,100,,20240104T224934Z,RELEASE-2024
8858a4a5-3fac-4dcb-8ed8-dec913e2b06c,CLBJ_009.basePlot.ltr,D11,CLBJ,CLBJ_009,31_400,2023-05-17,2023-05-17,2023,400,271,67.75,,20240104T224934Z,RELEASE-2024
51d03791-a1f8-484d-bf58-c9d7f3ab1e84,CLBJ_026.basePlot.ltr,D11,CLBJ,CLBJ_026,31_400,2023-05-17,2023-05-17,2023,400,288,72,,20240104T224934Z,RELEASE-2024
da3da7b6-acda-45f9-bf83-b1b1e6872d1b,CLBJ_020.basePlot.ltr,D11,CLBJ,CLBJ_020,31_400,2023-05-17,2023-05-17,2023,400,0,0,,20240104T224934Z,RELEASE-2024
a6da3bd0-36ab-46de-a581-9df0b4a79821,CLBJ_003.basePlot.ltr,D11,CLBJ,CLBJ_003,31_400,2023-05-17,2023-05-17,2023,400,345,86.25,,20240104T224934Z,RELEASE-2024
59cdb6de-d435-4258-9fec-6d26fb0469e8,CLBJ_025.basePlot.ltr,D11,CLBJ,CLBJ_025,31_400,2023-05-17,2023-05-17,2023,400,70,17.5,,20240104T224934Z,RELEASE-2024
dce38cca-c724-4ad8-9729-60fa68e0862d,CLBJ_024.basePlot.ltr,D11,CLBJ,CLBJ_024,31_400,2023-05-17,2023-05-17,2023,400,45,11.25,,20240104T224934Z,RELEASE-2024
3f60d5da-9731-46e6-a66f-15f54625ac1f,CLBJ_012.basePlot.ltr,D11,CLBJ,CLBJ_012,31_400,2023-05-17,2023-05-17,2023,400,399,99.75,,20240104T224934Z,RELEASE-2024
b09f0d17-b45b-4116-bf71-9ee1b351f147,CLBJ_024.basePlot.ltr,D11,CLBJ,CLBJ_024,31_400,2023-05-17,2023-05-17,2023,400,45,11.25,,20240104T224934Z,RELEASE-2024
ce7a63f9-2209-4bee-af87-3c97279cf7fb,CLBJ_018.basePlot.ltr,D11,CLBJ,CLBJ_018,31_400,2023-05-17,2023-05-17,2023,400,209,52.25,,20240104T224934Z,RELEASE-2024
78905e5a-4df5-428d-8ddd-91c1d0f54192,CLBJ_022.basePlot.ltr,D11,CLBJ,CLBJ_022,31_400,2023-05-17,2023-05-17,2023,400,253,63.25,,20240104T224934Z,RELEASE-2024
0cb6db26-ba5f-427c-91ad-c0639586eeb0,CLBJ_010.basePlot.ltr,D11,CLBJ,CLBJ_010,31_400,2023-05-17,2023-05-17,2023,400,156,39,,20240104T224934Z,RELEASE-2024
59322174-139a-4072-a564-361fe2814eec,CLBJ_013.basePlot.ltr,D11,CLBJ,CLBJ_013,31_400,2023-05-17,2023-05-17,2023,400,0,0,,20240104T224934Z,RELEASE-2024
6e8abbab-4e40-4ee5-86b1-b9ffc14733ac,CLBJ_028.basePlot.ltr,D11,CLBJ,CLBJ_028,31_400,2023-05-17,2023-05-17,2023,400,390,97.5,,20240104T224934Z,RELEASE-2024
44485822-e198-4466-8992-84cafc351fbe,CLBJ_006.basePlot.ltr,D11,CLBJ,CLBJ_006,31_400,2023-05-17,2023-05-17,2023,400,152,38,,20240104T224934Z,RELEASE-2024
a307abf0-e3d2-4bb2-9f49-d29e4dad275d,CLBJ_030.basePlot.ltr,D11,CLBJ,CLBJ_030,31_400,2023-05-17,2023-05-17,2023,400,109,27.25,,20240104T224934Z,RELEASE-2024
39935b74-e1d0-4790-92cc-d3c0eeed05ce,CLBJ_021.basePlot.ltr,D11,CLBJ,CLBJ_021,31_400,2023-05-17,2023-05-17,2023,400,374,93.5,,20240104T224934Z,RELEASE-2024
d85861db-3e58-4917-a492-35436091513b,SJER_051.basePlot.ltr,D17,SJER,SJER_051,39_400,2013-06-11,2013-06-13,2013,400,180,45,,20240104T225302Z,RELEASE-2024
769aa21d-e031-4af3-a1eb-cee7d83d9d0b,SJER_053.basePlot.ltr,D17,SJER,SJER_053,21_400,2013-06-11,2013-06-13,2013,400,51,12.75,,20240104T225302Z,RELEASE-2024
795e2823-fef4-46d8-9e89-2a157aeeced3,SJER_050.basePlot.ltr,D17,SJER,SJER_050,21_400,2013-06-11,2013-06-13,2013,400,174,43.5,,20240104T225302Z,RELEASE-2024
c5f1ac42-f763-40b9-8df2-90da5fde1509,SJER_055.basePlot.ltr,D17,SJER,SJER_055,39_400,2013-06-11,2013-06-13,2013,400,227,56.75,,20240104T225302Z,RELEASE-2024
1ee5845a-e97c-4f34-9d20-ce010b890b69,SJER_052.basePlot.ltr,D17,SJER,SJER_052,21_400,2013-06-11,2013-06-13,2013,400,17,4.25,,20240104T225302Z,RELEASE-2024
0406dde5-f59b-4220-8842-5fbb53204bc1,SJER_049.basePlot.ltr,D17,SJER,SJER_049,23_400,2013-06-11,2013-06-13,2013,400,185,46.25,,20240104T225302Z,RELEASE-2024
c387faac-a956-4878-8faf-fed5ca462cce,SJER_046.basePlot.ltr,D17,SJER,SJER_046,41_400,2013-06-11,2013-06-13,2013,400,229,57.25,,20240104T225302Z,RELEASE-2024
8a3f4d98-272d-451f-833d-6b090dee4215,SJER_051.basePlot.ltr,D17,SJER,SJER_051,41_400,2013-06-11,2013-06-13,2013,400,24,6,,20240104T225302Z,RELEASE-2024
fd1e7591-48ca-4a90-9763-c6e226441931,SJER_058.basePlot.ltr,D17,SJER,SJER_058,39_400,2013-06-11,2013-06-13,2013,400,131,32.75,,20240104T225302Z,RELEASE-2024
dde3ad68-995c-45a4-a950-2908edb26806,SJER_054.basePlot.ltr,D17,SJER,SJER_054,39_400,2013-06-11,2013-06-13,2013,400,104,26,,20240104T225302Z,RELEASE-2024
ac4c74f9-2253-4968-a784-746fe5ce814e,SJER_062.basePlot.ltr,D17,SJER,SJER_062,21_400,2013-06-11,2013-06-13,2013,400,56,14,,20240104T225302Z,RELEASE-2024
ed0614eb-4c2f-43dc-9f36-649dcd4f1c90,SJER_048.basePlot.ltr,D17,SJER,SJER_048,39_400,2013-06-11,2013-06-13,2013,400,89,22.25,,20240104T225302Z,RELEASE-2024
cb35d36f-9b21-4d54-9646-a0095f80f072,SJER_059.basePlot.ltr,D17,SJER,SJER_059,21_400,2013-06-11,2013-06-13,2013,400,132,33,,20240104T225302Z,RELEASE-2024
3aedbd1f-17a9-407c-adc1-ed9ca555ffaf,SJER_055.basePlot.ltr,D17,SJER,SJER_055,21_400,2013-06-11,2013-06-13,2013,400,177,44.25,,20240104T225302Z,RELEASE-2024
6f297b10-5da4-4c71-9c0b-99bce2781c41,SJER_061.basePlot.ltr,D17,SJER,SJER_061,41_400,2013-06-11,2013-06-13,2013,400,82,20.5,,20240104T225302Z,RELEASE-2024
f2617b50-b1cd-46e6-96fc-d1ec35e45ac8,SJER_064.basePlot.ltr,D17,SJER,SJER_064,39_400,2013-06-11,2013-06-13,2013,400,110,27.5,,20240104T225302Z,RELEASE-2024
6a05fa25-f727-4afa-81b5-6203de11cbb5,SJER_057.basePlot.ltr,D17,SJER,SJER_057,23_400,2013-06-11,2013-06-13,2013,400,117,29.25,,20240104T225302Z,RELEASE-2024
05297e02-1935-48a6-8e0a-a7194c68c382,SJER_052.basePlot.ltr,D17,SJER,SJER_052,23_400,2013-06-11,2013-06-13,2013,400,136,34,,20240104T225302Z,RELEASE-2024
9ef0d3fc-fb42-41d3-86fc-c383083f398a,SJER_058.basePlot.ltr,D17,SJER,SJER_058,41_400,2013-06-11,2013-06-13,2013,400,329,82.25,,20240104T225302Z,RELEASE-2024
3f7121fc-3115-411f-a744-caa5179d6107,SJER_045.basePlot.ltr,D17,SJER,SJER_045,39_400,2013-06-11,2013-06-13,2013,400,64,16,,20240104T225302Z,RELEASE-2024
9a979f9d-e91e-4ecb-8ec4-f4cb354a1598,SJER_063.basePlot.ltr,D17,SJER,SJER_063,41_400,2013-06-11,2013-06-13,2013,400,128,32,,20240104T225302Z,RELEASE-2024
831b3d84-6d72-47ae-82ea-bd3cfae61b7b,SJER_053.basePlot.ltr,D17,SJER,SJER_053,23_400,2013-06-11,2013-06-13,2013,400,273,68.25,,20240104T225302Z,RELEASE-2024
44212239-6313-42f2-8a6c-46600b9d8835,SJER_059.basePlot.ltr,D17,SJER,SJER_059,23_400,2013-06-11,2013-06-13,2013,400,103,25.75,,20240104T225302Z,RELEASE-2024
824dfc7e-f05d-48b7-bc9f-64b2c6e5a511,SJER_056.basePlot.ltr,D17,SJER,SJER_056,39_400,2013-06-11,2013-06-13,2013,400,52,13,,20240104T225302Z,RELEASE-2024
ef38c8e3-90ec-44e9-810e-f227572c2e85,SJER_045.basePlot.ltr,D17,SJER,SJER_045,23_400,2013-06-11,2013-06-13,2013,400,181,45.25,,20240104T225302Z,RELEASE-2024
6ae20876-a0c9-4091-ab20-8e73e7ee072c,SJER_063.basePlot.ltr,D17,SJER,SJER_063,23_400,2013-06-11,2013-06-13,2013,400,115,28.75,,20240104T225302Z,RELEASE-2024
f94befff-c08f-455f-8177-a05ac169b176,SJER_048.basePlot.ltr,D17,SJER,SJER_048,41_400,2013-06-11,2013-06-13,2013,400,94,23.5,,20240104T225302Z,RELEASE-2024
231458e9-9a2d-4da5-9eb0-75c568924a33,SJER_057.basePlot.ltr,D17,SJER,SJER_057,39_400,2013-06-11,2013-06-13,2013,400,184,46,,20240104T225302Z,RELEASE-2024
7e66661c-ed05-408b-9d74-d159fb548b06,SJER_049.basePlot.ltr,D17,SJER,SJER_049,21_400,2013-06-11,2013-06-13,2013,400,69,17.25,,20240104T225302Z,RELEASE-2024
e806decd-4576-43af-b3d4-85227874e284,SJER_056.basePlot.ltr,D17,SJER,SJER_056,23_400,2013-06-11,2013-06-13,2013,400,8,2,,20240104T225302Z,RELEASE-2024
c2d3c3a1-387a-4403-a9f4-17bde6958bc1,SJER_061.basePlot.ltr,D17,SJER,SJER_061,39_400,2013-06-11,2013-06-13,2013,400,18,4.5,,20240104T225302Z,RELEASE-2024
88a9c244-3abe-4882-9402-9ce3cbee4354,SJER_060.basePlot.ltr,D17,SJER,SJER_060,39_400,2013-06-11,2013-06-13,2013,400,63,15.75,,20240104T225302Z,RELEASE-2024
3777e741-1a74-4295-9796-cdcba2cfdc8f,SJER_047.basePlot.ltr,D17,SJER,SJER_047,21_400,2013-06-11,2013-06-13,2013,400,186,46.5,,20240104T225302Z,RELEASE-2024
96f84b83-0c94-4598-8f47-7392c7fa4595,SJER_054.basePlot.ltr,D17,SJER,SJER_054,21_400,2013-06-11,2013-06-13,2013,400,111,27.75,,20240104T225302Z,RELEASE-2024
0b9e6414-3cc9-4141-9c8d-91690075574e,SJER_050.basePlot.ltr,D17,SJER,SJER_050,39_400,2013-06-11,2013-06-13,2013,400,281,70.25,,20240104T225302Z,RELEASE-2024
554ad998-bf84-45dc-9433-ae1b273a7738,SJER_047.basePlot.ltr,D17,SJER,SJER_047,39_400,2013-06-11,2013-06-13,2013,400,80,20,,20240104T225302Z,RELEASE-2024
ca2a49a6-67fc-402a-b799-7a3f48c20a98,SJER_060.basePlot.ltr,D17,SJER,SJER_060,23_400,2013-06-11,2013-06-13,2013,400,29,7.25,,20240104T225302Z,RELEASE-2024
3cb1d208-f042-4873-90a1-56adcc698ec6,SJER_046.basePlot.ltr,D17,SJER,SJER_046,39_400,2013-06-11,2013-06-13,2013,400,242,60.5,,20240104T225302Z,RELEASE-2024
9cafa772-2df5-4128-9bbc-d253246ac55b,SJER_064.basePlot.ltr,D17,SJER,SJER_064,21_400,2013-06-11,2013-06-13,2013,400,117,29.25,,20240104T225302Z,RELEASE-2024
18456800-df98-4716-82b8-89b52f256f60,SJER_062.basePlot.ltr,D17,SJER,SJER_062,23_400,2013-06-11,2013-06-13,2013,400,0,0,,20240104T225302Z,RELEASE-2024
e8dfd29c-cb31-41b3-8ad2-1b54017c42e0,SJER_051.basePlot.ltr,D17,SJER,SJER_051,41_400,2017-03-28,2017-03-28,2017,400,6,1.5,,20240104T225302Z,RELEASE-2024
5bacdc3f-9c45-4ad6-b9d6-11e4329a2a84,SJER_060.basePlot.ltr,D17,SJER,SJER_060,23_400,2017-03-28,2017-03-28,2017,400,20,5,,20240104T225302Z,RELEASE-2024
e86c78d8-8cc9-4730-a758-1b9e888584ed,SJER_048.basePlot.ltr,D17,SJER,SJER_048,41_400,2017-03-28,2017-03-28,2017,400,93,23.25,,20240104T225302Z,RELEASE-2024
f0f0f1ed-9f34-41c6-90c5-c1f28040bfff,SJER_056.basePlot.ltr,D17,SJER,SJER_056,39_400,2017-03-28,2017-03-28,2017,400,49,12.25,,20240104T225302Z,RELEASE-2024
0a8d2307-241a-40c3-96f3-cbd61be3b5e2,SJER_054.basePlot.ltr,D17,SJER,SJER_054,21_400,2017-03-28,2017-03-28,2017,400,99,24.75,,20240104T225302Z,RELEASE-2024
0a57668e-d0cc-4327-a888-fa41690a7bf1,SJER_047.basePlot.ltr,D17,SJER,SJER_047,21_400,2017-03-28,2017-03-28,2017,400,186,46.5,,20240104T225302Z,RELEASE-2024
f6206b2f-c7b5-45f0-80e0-0d72bf3206d5,SJER_053.basePlot.ltr,D17,SJER,SJER_053,23_400,2017-03-28,2017-03-28,2017,400,235,58.75,,20240104T225302Z,RELEASE-2024
bc158917-f335-4b41-bab7-74b01239d83c,SJER_052.basePlot.ltr,D17,SJER,SJER_052,21_400,2017-03-28,2017-03-28,2017,400,15,3.75,,20240104T225302Z,RELEASE-2024
b0820dae-af8a-403a-a1b0-724ffe1c50b7,SJER_054.basePlot.ltr,D17,SJER,SJER_054,39_400,2017-03-28,2017-03-28,2017,400,95,23.75,,20240104T225302Z,RELEASE-2024
47270b7d-197b-4eee-923c-debabc9fbc3c,SJER_049.basePlot.ltr,D17,SJER,SJER_049,23_400,2017-03-28,2017-03-28,2017,400,193,48.25,,20240104T225302Z,RELEASE-2024
b4d809e1-a003-455a-b92a-5fe3bf8a6588,SJER_047.basePlot.ltr,D17,SJER,SJER_047,39_400,2017-03-28,2017-03-28,2017,400,98,24.5,,20240104T225302Z,RELEASE-2024
15073d9c-a1c8-4ca4-bbb9-9119b1f1c755,SJER_059.basePlot.ltr,D17,SJER,SJER_059,23_400,2017-03-28,2017-03-28,2017,400,91,22.75,,20240104T225302Z,RELEASE-2024
7b4ccfe5-58ee-4b0c-be9a-98744e9adfc2,SJER_049.basePlot.ltr,D17,SJER,SJER_049,21_400,2017-03-28,2017-03-28,2017,400,54,13.5,,20240104T225302Z,RELEASE-2024
ea460bbb-682b-466d-b719-4a695dc21523,SJER_052.basePlot.ltr,D17,SJER,SJER_052,23_400,2017-03-28,2017-03-28,2017,400,150,37.5,,20240104T225302Z,RELEASE-2024
a2cf4eac-279c-4357-b7b1-38be91b792b9,SJER_045.basePlot.ltr,D17,SJER,SJER_045,23_400,2017-03-28,2017-03-28,2017,400,164,41,,20240104T225302Z,RELEASE-2024
05f7db07-aa85-4a3c-8ae1-1e9a8319dffc,SJER_057.basePlot.ltr,D17,SJER,SJER_057,39_400,2017-03-28,2017-03-28,2017,400,169,42.25,,20240104T225302Z,RELEASE-2024
a2f8da35-9b6d-4f41-b8d1-f2259eddf43f,SJER_046.basePlot.ltr,D17,SJER,SJER_046,41_400,2017-03-28,2017-03-28,2017,400,175,43.75,,20240104T225302Z,RELEASE-2024
994023d1-04c2-4c69-af55-f12bc1147639,SJER_058.basePlot.ltr,D17,SJER,SJER_058,41_400,2017-03-28,2017-03-28,2017,400,325,81.25,,20240104T225302Z,RELEASE-2024
9c5480f9-86ba-41de-b45a-8564ca6393b1,SJER_059.basePlot.ltr,D17,SJER,SJER_059,21_400,2017-03-28,2017-03-28,2017,400,133,33.25,,20240104T225302Z,RELEASE-2024
1be7cc78-4e6a-404f-a2e4-13eb11ccec57,SJER_063.basePlot.ltr,D17,SJER,SJER_063,23_400,2017-03-28,2017-03-28,2017,400,118,29.5,,20240104T225302Z,RELEASE-2024
b6176d73-8bba-4173-91bc-71ab2da16be3,SJER_061.basePlot.ltr,D17,SJER,SJER_061,39_400,2017-03-28,2017-03-28,2017,400,19,4.75,,20240104T225302Z,RELEASE-2024
d28986e7-cb51-4ecc-93a7-1f1a56f8dcfc,SJER_056.basePlot.ltr,D17,SJER,SJER_056,23_400,2017-03-28,2017-03-28,2017,400,9,2.25,,20240104T225302Z,RELEASE-2024
a7816545-4ca8-45af-a5ac-ea966a3ec08a,SJER_051.basePlot.ltr,D17,SJER,SJER_051,39_400,2017-03-28,2017-03-28,2017,400,174,43.5,,20240104T225302Z,RELEASE-2024
7f1ca804-78fe-4d1a-b26c-b7342eb3c580,SJER_050.basePlot.ltr,D17,SJER,SJER_050,39_400,2017-03-28,2017-03-28,2017,400,280,70,,20240104T225302Z,RELEASE-2024
39df0059-7337-410a-b279-c8bbd8e72685,SJER_045.basePlot.ltr,D17,SJER,SJER_045,39_400,2017-03-28,2017-03-28,2017,400,56,14,,20240104T225302Z,RELEASE-2024
6f21bda9-901a-4a47-8b0b-2404855d9307,SJER_055.basePlot.ltr,D17,SJER,SJER_055,39_400,2017-03-28,2017-03-28,2017,400,192,48,,20240104T225302Z,RELEASE-2024
29870ad3-6b6b-449a-9b45-72db8be69547,SJER_060.basePlot.ltr,D17,SJER,SJER_060,39_400,2017-03-28,2017-03-28,2017,400,20,5,,20240104T225302Z,RELEASE-2024
0f573cf8-cd58-4a09-bf22-f881b00ec712,SJER_050.basePlot.ltr,D17,SJER,SJER_050,21_400,2017-03-28,2017-03-28,2017,400,166,41.5,,20240104T225302Z,RELEASE-2024
4c1d6c53-f3e9-41f5-975d-502b9fc3c7f1,SJER_048.basePlot.ltr,D17,SJER,SJER_048,39_400,2017-03-28,2017-03-28,2017,400,74,18.5,,20240104T225302Z,RELEASE-2024
f107a075-e2d8-4d2a-9e09-f4ff063991bf,SJER_053.basePlot.ltr,D17,SJER,SJER_053,21_400,2017-03-28,2017-03-28,2017,400,45,11.25,,20240104T225302Z,RELEASE-2024
832da6bf-f0d2-40c4-88e0-e1fb4ad6e8ba,SJER_055.basePlot.ltr,D17,SJER,SJER_055,21_400,2017-03-28,2017-03-28,2017,400,162,40.5,,20240104T225302Z,RELEASE-2024
3f06725e-2057-47e1-96a5-55a0e5dad940,SJER_057.basePlot.ltr,D17,SJER,SJER_057,23_400,2017-03-28,2017-03-28,2017,400,103,25.75,,20240104T225302Z,RELEASE-2024
fec5def8-8eaf-4254-abdb-d0bebe0e581d,SJER_063.basePlot.ltr,D17,SJER,SJER_063,41_400,2017-03-28,2017-03-28,2017,400,120,30,,20240104T225302Z,RELEASE-2024
ccba4aab-b1b3-49ec-8f6a-4d1515760a28,SJER_064.basePlot.ltr,D17,SJER,SJER_064,39_400,2017-03-28,2017-03-28,2017,400,107,26.75,,20240104T225302Z,RELEASE-2024
a02297ba-e6ff-4d08-9692-25a6193ed623,SJER_064.basePlot.ltr,D17,SJER,SJER_064,21_400,2017-03-28,2017-03-28,2017,400,122,30.5,,20240104T225302Z,RELEASE-2024
813a5eb2-0880-4a99-bdaf-fd1e4a9c9b21,SJER_058.basePlot.ltr,D17,SJER,SJER_058,39_400,2017-03-28,2017-03-28,2017,400,143,35.75,,20240104T225302Z,RELEASE-2024
3e18e852-578a-46d1-8ec1-253875c2562f,SJER_061.basePlot.ltr,D17,SJER,SJER_061,41_400,2017-03-28,2017-03-28,2017,400,80,20,,20240104T225302Z,RELEASE-2024
2636cf56-2d80-4e73-b788-17fd7a513568,SJER_062.basePlot.ltr,D17,SJER,SJER_062,23_400,2017-03-28,2017-03-28,2017,400,0,0,,20240104T225302Z,RELEASE-2024
1aa002dc-cd57-47b0-97e9-8f98ff7bb95e,SJER_062.basePlot.ltr,D17,SJER,SJER_062,21_400,2017-03-28,2017-03-28,2017,400,59,14.75,,20240104T225302Z,RELEASE-2024
87f47e29-9736-4e50-ac4a-601a4bd615ee,SJER_046.basePlot.ltr,D17,SJER,SJER_046,39_400,2017-03-28,2017-03-28,2017,400,234,58.5,,20240104T225302Z,RELEASE-2024
ea28aeec-a811-4919-923f-3e4d9943747a,SJER_061.basePlot.ltr,D17,SJER,SJER_061,41_400,2018-04-01,2018-04-01,2018,400,86,21.5,,20240104T225302Z,RELEASE-2024
ba46167c-4134-4078-b094-a6832f9b7246,SJER_045.basePlot.ltr,D17,SJER,SJER_045,39_400,2018-04-01,2018-04-01,2018,400,147,36.75,,20240104T225302Z,RELEASE-2024
8e5756c0-4147-4b19-918d-29fb4ff06682,SJER_057.basePlot.ltr,D17,SJER,SJER_057,39_400,2018-04-01,2018-04-01,2018,400,187,46.75,,20240104T225302Z,RELEASE-2024
6e7dad25-29b5-41fd-8a79-c7f9415341fc,SJER_060.basePlot.ltr,D17,SJER,SJER_060,39_400,2018-04-01,2018-04-01,2018,400,47,11.75,,20240104T225302Z,RELEASE-2024
9458bd1a-dade-4499-bd34-8623fd142e28,SJER_053.basePlot.ltr,D17,SJER,SJER_053,21_400,2018-04-01,2018-04-01,2018,400,59,14.75,,20240104T225302Z,RELEASE-2024
b30b5da8-eac7-4d55-846c-bbd614c695d0,SJER_056.basePlot.ltr,D17,SJER,SJER_056,39_400,2018-04-01,2018-04-01,2018,400,54,13.5,,20240104T225302Z,RELEASE-2024
89b405c0-4fb7-46e7-b96c-1f965dabec4d,SJER_061.basePlot.ltr,D17,SJER,SJER_061,39_400,2018-04-01,2018-04-01,2018,400,19,4.75,,20240104T225302Z,RELEASE-2024
656a1a93-d02c-4bba-ba14-16b0e2f9a010,SJER_059.basePlot.ltr,D17,SJER,SJER_059,21_400,2018-04-01,2018-04-01,2018,400,190,47.5,,20240104T225302Z,RELEASE-2024
5a5ecfe7-ff75-4b36-bdd9-33bf72260383,SJER_054.basePlot.ltr,D17,SJER,SJER_054,39_400,2018-04-01,2018-04-01,2018,400,112,28,,20240104T225302Z,RELEASE-2024
09d93860-522a-41a6-a36c-68d7595bafb9,SJER_063.basePlot.ltr,D17,SJER,SJER_063,23_400,2018-04-01,2018-04-01,2018,400,133,33.25,,20240104T225302Z,RELEASE-2024
910e7b71-fa08-424b-9ca8-718a5dd519bd,SJER_064.basePlot.ltr,D17,SJER,SJER_064,21_400,2018-04-01,2018-04-01,2018,400,155,38.75,,20240104T225302Z,RELEASE-2024
9b96f347-9a06-4b7f-b136-3d247290cf3b,SJER_048.basePlot.ltr,D17,SJER,SJER_048,39_400,2018-04-01,2018-04-01,2018,400,59,14.75,,20240104T225302Z,RELEASE-2024
933cc7f4-7c59-4b79-84f1-f43052a1e9c7,SJER_047.basePlot.ltr,D17,SJER,SJER_047,39_400,2018-04-01,2018-04-01,2018,400,131,32.75,,20240104T225302Z,RELEASE-2024
f902cd26-a38a-4fe3-99dc-909c0518d552,SJER_047.basePlot.ltr,D17,SJER,SJER_047,21_400,2018-04-01,2018-04-01,2018,400,209,52.25,,20240104T225302Z,RELEASE-2024
d1058607-3b56-4e17-bcc3-158a1cafee1a,SJER_046.basePlot.ltr,D17,SJER,SJER_046,39_400,2018-04-01,2018-04-01,2018,400,279,69.75,,20240104T225302Z,RELEASE-2024
eb3d17ad-0714-48c6-8a6e-32dcb112b43d,SJER_058.basePlot.ltr,D17,SJER,SJER_058,39_400,2018-04-01,2018-04-01,2018,400,169,42.25,,20240104T225302Z,RELEASE-2024
b042e022-a982-469b-a200-0be082e93734,SJER_053.basePlot.ltr,D17,SJER,SJER_053,23_400,2018-04-01,2018-04-01,2018,400,269,67.25,,20240104T225302Z,RELEASE-2024
912525c6-7f5f-4242-9ca8-07c1cc421a85,SJER_049.basePlot.ltr,D17,SJER,SJER_049,21_400,2018-04-01,2018-04-01,2018,400,88,22,,20240104T225302Z,RELEASE-2024
d7e125c3-7dcb-4eb8-b18e-fa1c7a8f4976,SJER_052.basePlot.ltr,D17,SJER,SJER_052,21_400,2018-04-01,2018-04-01,2018,400,33,8.25,,20240104T225302Z,RELEASE-2024
09b4a90f-9835-42f3-b558-c8f794806dba,SJER_058.basePlot.ltr,D17,SJER,SJER_058,41_400,2018-04-01,2018-04-01,2018,400,339,84.75,,20240104T225302Z,RELEASE-2024
25e4fa8b-de38-4892-a915-88e227065db3,SJER_045.basePlot.ltr,D17,SJER,SJER_045,23_400,2018-04-01,2018-04-01,2018,400,219,54.75,,20240104T225302Z,RELEASE-2024
0d46c3da-65d2-4e72-b807-2071fafdeb4d,SJER_051.basePlot.ltr,D17,SJER,SJER_051,39_400,2018-04-01,2018-04-01,2018,400,211,52.75,,20240104T225302Z,RELEASE-2024
1a285e15-aac6-4755-87df-72af7b8d6672,SJER_059.basePlot.ltr,D17,SJER,SJER_059,23_400,2018-04-01,2018-04-01,2018,400,158,39.5,,20240104T225302Z,RELEASE-2024
382fad07-5ef7-41b1-b7a9-b683d3802953,SJER_046.basePlot.ltr,D17,SJER,SJER_046,41_400,2018-04-01,2018-04-01,2018,400,206,51.5,,20240104T225302Z,RELEASE-2024
77387805-2dee-46ac-a187-5ed4db3bb967,SJER_064.basePlot.ltr,D17,SJER,SJER_064,39_400,2018-04-01,2018-04-01,2018,400,133,33.25,,20240104T225302Z,RELEASE-2024
5f4e9784-5a07-4bff-8538-fb4dab96294e,SJER_062.basePlot.ltr,D17,SJER,SJER_062,23_400,2018-04-01,2018-04-01,2018,400,1,0.25,,20240104T225302Z,RELEASE-2024
9287976e-13ce-4ebf-ab37-dd6d74ddfaa7,SJER_051.basePlot.ltr,D17,SJER,SJER_051,41_400,2018-04-01,2018-04-01,2018,400,45,11.25,,20240104T225302Z,RELEASE-2024
a0428e32-073b-4d42-b8aa-beedfaa3d892,SJER_048.basePlot.ltr,D17,SJER,SJER_048,41_400,2018-04-01,2018-04-01,2018,400,119,29.75,,20240104T225302Z,RELEASE-2024
494d7690-4fe1-4581-83ae-9b695760ab7a,SJER_052.basePlot.ltr,D17,SJER,SJER_052,23_400,2018-04-01,2018-04-01,2018,400,163,40.75,,20240104T225302Z,RELEASE-2024
c0faf823-f1ae-44e7-8727-4091873fbc9b,SJER_063.basePlot.ltr,D17,SJER,SJER_063,41_400,2018-04-01,2018-04-01,2018,400,134,33.5,,20240104T225302Z,RELEASE-2024
8a826f79-f1f1-4115-9e40-c6a02a22b984,SJER_050.basePlot.ltr,D17,SJER,SJER_050,21_400,2018-04-01,2018-04-01,2018,400,185,46.25,,20240104T225302Z,RELEASE-2024
081f7ae8-fc0b-40c5-858f-aad542f098e9,SJER_056.basePlot.ltr,D17,SJER,SJER_056,23_400,2018-04-01,2018-04-01,2018,400,14,3.5,,20240104T225302Z,RELEASE-2024
8b053dfc-afb5-4491-8888-d0a8cea1ebca,SJER_055.basePlot.ltr,D17,SJER,SJER_055,21_400,2018-04-01,2018-04-01,2018,400,192,48,,20240104T225302Z,RELEASE-2024
5489ea9f-2e4c-4a9e-a8d4-bd68ca74da88,SJER_062.basePlot.ltr,D17,SJER,SJER_062,21_400,2018-04-01,2018-04-01,2018,400,61,15.25,,20240104T225302Z,RELEASE-2024
f5c37ace-2e07-4d4e-8e71-236a37fb4c11,SJER_054.basePlot.ltr,D17,SJER,SJER_054,21_400,2018-04-01,2018-04-01,2018,400,107,26.75,,20240104T225302Z,RELEASE-2024
496c6426-bc99-41d6-8e52-1c42a951472a,SJER_055.basePlot.ltr,D17,SJER,SJER_055,39_400,2018-04-01,2018-04-01,2018,400,286,71.5,,20240104T225302Z,RELEASE-2024
73f19217-ac47-4a91-b4dc-3d553474ee68,SJER_050.basePlot.ltr,D17,SJER,SJER_050,39_400,2018-04-01,2018-04-01,2018,400,307,76.75,,20240104T225302Z,RELEASE-2024
c93b5991-e052-4010-837c-6f79b441d1e4,SJER_057.basePlot.ltr,D17,SJER,SJER_057,23_400,2018-04-01,2018-04-01,2018,400,120,30,,20240104T225302Z,RELEASE-2024
3e9654eb-eebd-46d2-bdbf-0ac83440386d,SJER_060.basePlot.ltr,D17,SJER,SJER_060,23_400,2018-04-01,2018-04-01,2018,400,22,5.5,,20240104T225302Z,RELEASE-2024
2ee85fba-cbd1-4776-9d60-e36c0e06684e,SJER_049.basePlot.ltr,D17,SJER,SJER_049,23_400,2018-04-01,2018-04-01,2018,400,204,51,,20240104T225302Z,RELEASE-2024
bd23aa74-38ad-4f53-91d5-bfdda7c4ef3d,SJER_056.basePlot.ltr,D17,SJER,SJER_056,39_400,2019-03-24,2019-03-29,2019,400,48,12,,20240104T225302Z,RELEASE-2024
5ce42d5b-13d0-4397-b88e-7fb47b679826,SJER_047.basePlot.ltr,D17,SJER,SJER_047,21_400,2019-03-24,2019-03-29,2019,400,193,48.25,,20240104T225302Z,RELEASE-2024
decd4d7b-fbea-443f-ac3a-8fb1554c1f94,SJER_062.basePlot.ltr,D17,SJER,SJER_062,21_400,2019-03-24,2019-03-29,2019,400,54,13.5,,20240104T225302Z,RELEASE-2024
b3a070d7-260b-4d7d-97f1-4ce64bf14e1f,SJER_057.basePlot.ltr,D17,SJER,SJER_057,39_400,2019-03-24,2019-03-29,2019,400,149,37.25,,20240104T225302Z,RELEASE-2024
f9f8af37-31be-48f9-8826-b9760924359b,SJER_049.basePlot.ltr,D17,SJER,SJER_049,21_400,2019-03-24,2019-03-29,2019,400,55,13.75,,20240104T225302Z,RELEASE-2024
195dd626-9fef-4a9c-89e0-30ec52c198bb,SJER_056.basePlot.ltr,D17,SJER,SJER_056,23_400,2019-03-24,2019-03-29,2019,400,9,2.25,,20240104T225302Z,RELEASE-2024
7f8e00ec-6c07-4f71-9b29-dcecae2c7225,SJER_051.basePlot.ltr,D17,SJER,SJER_051,41_400,2019-03-24,2019-03-29,2019,400,8,2,,20240104T225302Z,RELEASE-2024
227973c8-5d1c-4a85-b853-99c0fbd320aa,SJER_052.basePlot.ltr,D17,SJER,SJER_052,21_400,2019-03-24,2019-03-29,2019,400,24,6,,20240104T225302Z,RELEASE-2024
ab09f9dd-23c9-4897-99e5-fd49cfd49cf0,SJER_059.basePlot.ltr,D17,SJER,SJER_059,21_400,2019-03-24,2019-03-29,2019,400,133,33.25,,20240104T225302Z,RELEASE-2024
c5aacb1e-a7ba-4ce3-b8a1-52f52a914e1e,SJER_046.basePlot.ltr,D17,SJER,SJER_046,39_400,2019-03-24,2019-03-29,2019,400,224,56,,20240104T225302Z,RELEASE-2024
f58a7a35-2f28-495a-8437-48425de70641,SJER_054.basePlot.ltr,D17,SJER,SJER_054,39_400,2019-03-24,2019-03-29,2019,400,67,16.75,,20240104T225302Z,RELEASE-2024
11784cfc-3276-419d-b6ee-1ffe46863f53,SJER_049.basePlot.ltr,D17,SJER,SJER_049,23_400,2019-03-24,2019-03-29,2019,400,200,50,,20240104T225302Z,RELEASE-2024
4d098d96-d576-4658-9642-c98adf26d688,SJER_048.basePlot.ltr,D17,SJER,SJER_048,39_400,2019-03-24,2019-03-29,2019,400,10,2.5,,20240104T225302Z,RELEASE-2024
398973ea-2d23-490b-84e8-69bf9719b7e5,SJER_061.basePlot.ltr,D17,SJER,SJER_061,39_400,2019-03-24,2019-03-29,2019,400,12,3,,20240104T225302Z,RELEASE-2024
5255ffa7-2f08-4c46-ab12-4fad1c193b00,SJER_051.basePlot.ltr,D17,SJER,SJER_051,39_400,2019-03-24,2019-03-29,2019,400,187,46.75,,20240104T225302Z,RELEASE-2024
2c52091f-6103-41f3-b220-1b3fce34de5c,SJER_057.basePlot.ltr,D17,SJER,SJER_057,23_400,2019-03-24,2019-03-29,2019,400,90,22.5,,20240104T225302Z,RELEASE-2024
b85b0e16-2f69-4247-8bb8-84422b5c8745,SJER_053.basePlot.ltr,D17,SJER,SJER_053,21_400,2019-03-24,2019-03-29,2019,400,51,12.75,,20240104T225302Z,RELEASE-2024
f0a4a7d4-58f2-450a-8914-4d8aa2f4e0a6,SJER_050.basePlot.ltr,D17,SJER,SJER_050,39_400,2019-03-24,2019-03-29,2019,400,298,74.5,,20240104T225302Z,RELEASE-2024
62e6d05f-3284-4770-b0f3-88c6b159ecea,SJER_064.basePlot.ltr,D17,SJER,SJER_064,39_400,2019-03-24,2019-03-29,2019,400,97,24.25,,20240104T225302Z,RELEASE-2024
ea256e04-e73f-4fad-ad4b-24dbd09cec78,SJER_055.basePlot.ltr,D17,SJER,SJER_055,39_400,2019-03-24,2019-03-29,2019,400,181,45.25,,20240104T225302Z,RELEASE-2024
44b521c5-190c-4eb6-9331-d7d3f20cec74,SJER_060.basePlot.ltr,D17,SJER,SJER_060,23_400,2019-03-24,2019-03-29,2019,400,19,4.75,,20240104T225302Z,RELEASE-2024
f559b376-af2e-473a-9dff-2aada2c7d330,SJER_061.basePlot.ltr,D17,SJER,SJER_061,41_400,2019-03-24,2019-03-29,2019,400,55,13.75,,20240104T225302Z,RELEASE-2024
1827a1c2-e993-42eb-8890-b97f1432dbd5,SJER_058.basePlot.ltr,D17,SJER,SJER_058,39_400,2019-03-24,2019-03-29,2019,400,139,34.75,,20240104T225302Z,RELEASE-2024
72e7df10-1366-4870-8c82-3147e10b8f50,SJER_062.basePlot.ltr,D17,SJER,SJER_062,23_400,2019-03-24,2019-03-29,2019,400,0,0,,20240104T225302Z,RELEASE-2024
e23333b5-cc98-4b2e-b5e1-5ffd8f32ebfa,SJER_045.basePlot.ltr,D17,SJER,SJER_045,39_400,2019-03-24,2019-03-29,2019,400,52,13,,20240104T225302Z,RELEASE-2024
15840466-11b2-4ca2-9e1d-64ab69ea0472,SJER_052.basePlot.ltr,D17,SJER,SJER_052,23_400,2019-03-24,2019-03-29,2019,400,159,39.75,,20240104T225302Z,RELEASE-2024
a047c349-d814-47c7-9c05-a27f99674c42,SJER_060.basePlot.ltr,D17,SJER,SJER_060,39_400,2019-03-24,2019-03-29,2019,400,19,4.75,,20240104T225302Z,RELEASE-2024
2ded98f7-0027-4d22-8724-78223deb2e7b,SJER_053.basePlot.ltr,D17,SJER,SJER_053,23_400,2019-03-24,2019-03-29,2019,400,235,58.75,,20240104T225302Z,RELEASE-2024
7836cb3c-2f6f-4112-ae26-8b833797cefc,SJER_064.basePlot.ltr,D17,SJER,SJER_064,21_400,2019-03-24,2019-03-29,2019,400,141,35.25,,20240104T225302Z,RELEASE-2024
d5d38a34-9e2e-42c1-9fc1-7fad683b0447,SJER_050.basePlot.ltr,D17,SJER,SJER_050,21_400,2019-03-24,2019-03-29,2019,400,166,41.5,,20240104T225302Z,RELEASE-2024
5c8fcfc6-d7d4-46ce-90a4-ff8e3534904b,SJER_055.basePlot.ltr,D17,SJER,SJER_055,21_400,2019-03-24,2019-03-29,2019,400,109,27.25,,20240104T225302Z,RELEASE-2024
fc98d9a7-1feb-4ae7-ba67-7157122e53cb,SJER_054.basePlot.ltr,D17,SJER,SJER_054,21_400,2019-03-24,2019-03-29,2019,400,85,21.25,,20240104T225302Z,RELEASE-2024
c86614b8-c59c-45b6-858a-bf5e6c218633,SJER_047.basePlot.ltr,D17,SJER,SJER_047,39_400,2019-03-24,2019-03-29,2019,400,97,24.25,,20240104T225302Z,RELEASE-2024
d2691f08-f81c-42f5-878f-03d154ff003b,SJER_046.basePlot.ltr,D17,SJER,SJER_046,41_400,2019-03-24,2019-03-29,2019,400,159,39.75,,20240104T225302Z,RELEASE-2024
a21fcd19-aac9-4110-8d94-1ea8fe62e75f,SJER_058.basePlot.ltr,D17,SJER,SJER_058,41_400,2019-03-24,2019-03-29,2019,400,288,72,,20240104T225302Z,RELEASE-2024
677ec4df-8203-4319-80f3-779327d213f9,SJER_045.basePlot.ltr,D17,SJER,SJER_045,23_400,2019-03-24,2019-03-29,2019,400,156,39,,20240104T225302Z,RELEASE-2024
8da5ecb4-895d-4b19-b4e5-d283f23870c5,SJER_059.basePlot.ltr,D17,SJER,SJER_059,23_400,2019-03-24,2019-03-29,2019,400,87,21.75,,20240104T225302Z,RELEASE-2024
793cfbe2-e8d5-4278-9a5f-e6dec38ec887,SJER_063.basePlot.ltr,D17,SJER,SJER_063,23_400,2019-03-24,2019-03-29,2019,400,92,23,,20240104T225302Z,RELEASE-2024
955b30c7-50f9-4e65-8ae7-0533b98b3385,SJER_063.basePlot.ltr,D17,SJER,SJER_063,41_400,2019-03-24,2019-03-29,2019,400,103,25.75,,20240104T225302Z,RELEASE-2024
13320131-4545-4262-9f23-7fd58dda4aec,SJER_048.basePlot.ltr,D17,SJER,SJER_048,41_400,2019-03-24,2019-03-29,2019,400,82,20.5,,20240104T225302Z,RELEASE-2024
35dea8cc-541a-49a8-b8d9-6ec3b9fce1e0,SJER_054.basePlot.ltr,D17,SJER,SJER_054,21_400,2021-03-31,2021-03-31,2021,400,111,27.75,,20240104T225302Z,RELEASE-2024
d6935171-b0e4-40ec-8233-a839f61404a2,SJER_047.basePlot.ltr,D17,SJER,SJER_047,21_400,2021-03-31,2021-03-31,2021,400,223,55.75,,20240104T225302Z,RELEASE-2024
eab930d4-2dd3-4ff5-9681-55d43756de8a,SJER_064.basePlot.ltr,D17,SJER,SJER_064,39_400,2021-03-31,2021-03-31,2021,400,66,16.5,,20240104T225302Z,RELEASE-2024
ae3747d5-d6f7-43f0-ba29-56d49ddc2e99,SJER_051.basePlot.ltr,D17,SJER,SJER_051,39_400,2021-03-31,2021-03-31,2021,400,219,54.75,,20240104T225302Z,RELEASE-2024
e11d0eee-9008-46aa-b302-f24e102385eb,SJER_050.basePlot.ltr,D17,SJER,SJER_050,39_400,2021-03-31,2021-03-31,2021,400,315,78.75,,20240104T225302Z,RELEASE-2024
a8f677b4-83e2-4193-aed7-cf83375109ef,SJER_050.basePlot.ltr,D17,SJER,SJER_050,21_400,2021-03-31,2021-03-31,2021,400,192,48,,20240104T225302Z,RELEASE-2024
b003a264-2c48-43e3-8008-2f9ccd0d8e46,SJER_049.basePlot.ltr,D17,SJER,SJER_049,21_400,2021-03-31,2021-03-31,2021,400,72,18,,20240104T225302Z,RELEASE-2024
7f4f8107-711b-4297-96b1-834421972523,SJER_049.basePlot.ltr,D17,SJER,SJER_049,23_400,2021-03-31,2021-03-31,2021,400,218,54.5,,20240104T225302Z,RELEASE-2024
a46d2ca2-d2b5-416c-89e8-7af6cdd7a81f,SJER_053.basePlot.ltr,D17,SJER,SJER_053,23_400,2021-03-31,2021-03-31,2021,400,277,69.25,,20240104T225302Z,RELEASE-2024
8506713b-9592-49d5-b509-c87678bb9196,SJER_056.basePlot.ltr,D17,SJER,SJER_056,39_400,2021-03-31,2021-03-31,2021,400,53,13.25,,20240104T225302Z,RELEASE-2024
5f8e5775-4729-4613-81bc-3603e6772602,SJER_060.basePlot.ltr,D17,SJER,SJER_060,23_400,2021-03-31,2021-03-31,2021,400,23,5.75,,20240104T225302Z,RELEASE-2024
45e627e9-77f5-469d-955e-fceea452bea3,SJER_052.basePlot.ltr,D17,SJER,SJER_052,21_400,2021-03-31,2021-03-31,2021,400,49,12.25,,20240104T225302Z,RELEASE-2024
f28bb6ab-2e73-4869-9179-d79c7b80a95f,SJER_055.basePlot.ltr,D17,SJER,SJER_055,39_400,2021-03-31,2021-03-31,2021,400,261,65.25,,20240104T225302Z,RELEASE-2024
fdc4e1de-de10-40d7-84bd-cd781b621ceb,SJER_045.basePlot.ltr,D17,SJER,SJER_045,23_400,2021-03-31,2021-03-31,2021,400,201,50.25,,20240104T225302Z,RELEASE-2024
e18a0041-0ad4-479b-96fa-69e5904a5533,SJER_045.basePlot.ltr,D17,SJER,SJER_045,39_400,2021-03-31,2021-03-31,2021,400,121,30.25,,20240104T225302Z,RELEASE-2024
af1dcff4-4bc1-417e-bc93-7b28139428b5,SJER_058.basePlot.ltr,D17,SJER,SJER_058,39_400,2021-03-31,2021-03-31,2021,400,168,42,,20240104T225302Z,RELEASE-2024
fe3e5a58-6150-43bf-8807-977b575cf9c5,SJER_061.basePlot.ltr,D17,SJER,SJER_061,41_400,2021-03-31,2021-03-31,2021,400,74,18.5,,20240104T225302Z,RELEASE-2024
8d2065ed-fee6-4dc8-8758-b46f5079de37,SJER_062.basePlot.ltr,D17,SJER,SJER_062,21_400,2021-03-31,2021-03-31,2021,400,62,15.5,,20240104T225302Z,RELEASE-2024
d8f38d60-1f8e-4e0b-a612-3cd5c9759a47,SJER_063.basePlot.ltr,D17,SJER,SJER_063,23_400,2021-03-31,2021-03-31,2021,400,130,32.5,,20240104T225302Z,RELEASE-2024
7610de33-b3f0-4998-8afa-83a5b4beb575,SJER_062.basePlot.ltr,D17,SJER,SJER_062,23_400,2021-03-31,2021-03-31,2021,400,1,0.25,,20240104T225302Z,RELEASE-2024
3844ede9-5d82-44af-8dbe-906e09509922,SJER_063.basePlot.ltr,D17,SJER,SJER_063,41_400,2021-03-31,2021-03-31,2021,400,141,35.25,,20240104T225302Z,RELEASE-2024
2de5a45d-b3e7-48ca-999e-677727e894fe,SJER_052.basePlot.ltr,D17,SJER,SJER_052,23_400,2021-03-31,2021-03-31,2021,400,179,44.75,,20240104T225302Z,RELEASE-2024
9e6ed486-5724-4ced-ba49-a9798a56cab4,SJER_046.basePlot.ltr,D17,SJER,SJER_046,39_400,2021-03-31,2021-03-31,2021,400,283,70.75,,20240104T225302Z,RELEASE-2024
209e1c22-0488-4e4d-be91-7abb8374329b,SJER_061.basePlot.ltr,D17,SJER,SJER_061,39_400,2021-03-31,2021-03-31,2021,400,19,4.75,,20240104T225302Z,RELEASE-2024
9c41b2a8-5963-420a-b300-d210cb22340f,SJER_055.basePlot.ltr,D17,SJER,SJER_055,21_400,2021-03-31,2021-03-31,2021,400,152,38,,20240104T225302Z,RELEASE-2024
c850a296-bb4a-4fc8-a9ae-9d7bd9a3027f,SJER_046.basePlot.ltr,D17,SJER,SJER_046,41_400,2021-03-31,2021-03-31,2021,400,197,49.25,,20240104T225302Z,RELEASE-2024
67d99278-0fb7-4f5f-8f59-fea5cc2f5c7a,SJER_057.basePlot.ltr,D17,SJER,SJER_057,23_400,2021-03-31,2021-03-31,2021,400,124,31,,20240104T225302Z,RELEASE-2024
20123179-9f2b-44d8-9b1f-5186d8317e1c,SJER_064.basePlot.ltr,D17,SJER,SJER_064,21_400,2021-03-31,2021-03-31,2021,400,110,27.5,,20240104T225302Z,RELEASE-2024
5f2dc946-903c-4d46-a396-2fcd9bb16fe3,SJER_051.basePlot.ltr,D17,SJER,SJER_051,41_400,2021-03-31,2021-03-31,2021,400,38,9.5,,20240104T225302Z,RELEASE-2024
7cc38a0b-a8db-4128-86ad-491b93bd1b87,SJER_060.basePlot.ltr,D17,SJER,SJER_060,39_400,2021-03-31,2021-03-31,2021,400,32,8,,20240104T225302Z,RELEASE-2024
fef2cb96-2929-4efe-b76b-c0fc8ba60a00,SJER_059.basePlot.ltr,D17,SJER,SJER_059,21_400,2021-03-31,2021-03-31,2021,400,190,47.5,,20240104T225302Z,RELEASE-2024
a9f7fde7-17ac-45a0-8878-0d928f9dad3d,SJER_047.basePlot.ltr,D17,SJER,SJER_047,39_400,2021-03-31,2021-03-31,2021,400,141,35.25,,20240104T225302Z,RELEASE-2024
fdf13578-64a7-4a11-92db-db7ba04c0390,SJER_053.basePlot.ltr,D17,SJER,SJER_053,21_400,2021-03-31,2021-03-31,2021,400,59,14.75,,20240104T225302Z,RELEASE-2024
7fe9c3b5-7d4d-4863-8a1f-e119f74a286e,SJER_048.basePlot.ltr,D17,SJER,SJER_048,39_400,2021-03-31,2021-03-31,2021,400,26,6.5,,20240104T225302Z,RELEASE-2024
0067dc61-2f14-442e-baa6-903d7e25a2f5,SJER_058.basePlot.ltr,D17,SJER,SJER_058,41_400,2021-03-31,2021-03-31,2021,400,309,77.25,,20240104T225302Z,RELEASE-2024
d2f95281-d46d-4ea0-8d71-f1d063b12781,SJER_054.basePlot.ltr,D17,SJER,SJER_054,39_400,2021-03-31,2021-03-31,2021,400,91,22.75,,20240104T225302Z,RELEASE-2024
d9457271-5b3a-4921-aebe-2256f74d9f5c,SJER_048.basePlot.ltr,D17,SJER,SJER_048,41_400,2021-03-31,2021-03-31,2021,400,95,23.75,,20240104T225302Z,RELEASE-2024
71034a67-7ebc-45b2-bdab-3c471f745c8b,SJER_056.basePlot.ltr,D17,SJER,SJER_056,23_400,2021-03-31,2021-03-31,2021,400,15,3.75,,20240104T225302Z,RELEASE-2024
5a2b5f30-c9ae-468f-99b8-0fcad23d866b,SJER_057.basePlot.ltr,D17,SJER,SJER_057,39_400,2021-03-31,2021-03-31,2021,400,189,47.25,,20240104T225302Z,RELEASE-2024
fe3dc9fe-ec72-4e53-bde9-d970a712f743,SJER_059.basePlot.ltr,D17,SJER,SJER_059,23_400,2021-03-31,2021-03-31,2021,400,149,37.25,,20240104T225302Z,RELEASE-2024
5fb2a2fd-20f4-4332-97f2-5e7c6406d8cc,SJER_056.basePlot.ltr,D17,SJER,SJER_056,39_400,2023-04-01,2023-04-04,2023,400,60,15,,20240104T225302Z,RELEASE-2024
873c550c-c972-402d-beed-0193a53701d6,SJER_050.basePlot.ltr,D17,SJER,SJER_050,39_400,2023-04-01,2023-04-04,2023,400,313,78.25,,20240104T225302Z,RELEASE-2024
c32b4ff4-cf9b-4658-9387-852bb256a175,SJER_047.basePlot.ltr,D17,SJER,SJER_047,39_400,2023-04-01,2023-04-04,2023,400,114,28.5,,20240104T225302Z,RELEASE-2024
f247e8aa-896d-416e-a6fd-319d1c2755c6,SJER_053.basePlot.ltr,D17,SJER,SJER_053,21_400,2023-04-01,2023-04-04,2023,400,71,17.75,,20240104T225302Z,RELEASE-2024
a05a8b5f-109c-4b42-b795-0ad621038d66,SJER_058.basePlot.ltr,D17,SJER,SJER_058,41_400,2023-04-01,2023-04-04,2023,400,314,78.5,,20240104T225302Z,RELEASE-2024
1f699561-298f-4f69-be88-695e96c6f2fa,SJER_057.basePlot.ltr,D17,SJER,SJER_057,39_400,2023-04-01,2023-04-04,2023,400,176,44,,20240104T225302Z,RELEASE-2024
aac621f6-ac61-47c5-abe4-1b037298ca0c,SJER_056.basePlot.ltr,D17,SJER,SJER_056,23_400,2023-04-01,2023-04-04,2023,400,19,4.75,,20240104T225302Z,RELEASE-2024
db0d19ff-8848-4e6f-8718-8019eb13ff99,SJER_053.basePlot.ltr,D17,SJER,SJER_053,23_400,2023-04-01,2023-04-04,2023,400,272,68,,20240104T225302Z,RELEASE-2024
90c2215d-ac89-47a3-9730-74eae3d7c530,SJER_055.basePlot.ltr,D17,SJER,SJER_055,21_400,2023-04-01,2023-04-04,2023,400,148,37,,20240104T225302Z,RELEASE-2024
74209ed5-4f6f-4b2f-8321-f10eafb77f61,SJER_062.basePlot.ltr,D17,SJER,SJER_062,21_400,2023-04-01,2023-04-04,2023,400,69,17.25,,20240104T225302Z,RELEASE-2024
8519a84d-a074-49fd-8966-487f5123b81c,SJER_059.basePlot.ltr,D17,SJER,SJER_059,21_400,2023-04-01,2023-04-04,2023,400,219,54.75,,20240104T225302Z,RELEASE-2024
5daf699b-cfde-4f60-81c7-bd559fda794a,SJER_063.basePlot.ltr,D17,SJER,SJER_063,23_400,2023-04-01,2023-04-04,2023,400,127,31.75,,20240104T225302Z,RELEASE-2024
06563d47-b284-43f9-9463-81fdb30500ce,SJER_062.basePlot.ltr,D17,SJER,SJER_062,23_400,2023-04-01,2023-04-04,2023,400,3,0.75,,20240104T225302Z,RELEASE-2024
d9b4998b-7c1e-4475-8329-fd7c4c7f1fa5,SJER_045.basePlot.ltr,D17,SJER,SJER_045,23_400,2023-04-01,2023-04-04,2023,400,200,50,,20240104T225302Z,RELEASE-2024
a74cf977-22ba-4399-bc89-6c732f7dc52a,SJER_064.basePlot.ltr,D17,SJER,SJER_064,39_400,2023-04-01,2023-04-04,2023,400,70,17.5,,20240104T225302Z,RELEASE-2024
af0947a2-83f8-4c50-8976-5d2bd5ba9c3b,SJER_049.basePlot.ltr,D17,SJER,SJER_049,21_400,2023-04-01,2023-04-04,2023,400,84,21,,20240104T225302Z,RELEASE-2024
30d4d4d0-b6d9-4cb4-8204-b0c8e08f6771,SJER_052.basePlot.ltr,D17,SJER,SJER_052,23_400,2023-04-01,2023-04-04,2023,400,201,50.25,,20240104T225302Z,RELEASE-2024
fcd9b2b7-9fd7-4b4e-b876-f71864dcdc5e,SJER_051.basePlot.ltr,D17,SJER,SJER_051,41_400,2023-04-01,2023-04-04,2023,400,55,13.75,,20240104T225302Z,RELEASE-2024
268ce887-9593-4d86-91fc-64796d6cca84,SJER_045.basePlot.ltr,D17,SJER,SJER_045,39_400,2023-04-01,2023-04-04,2023,400,137,34.25,,20240104T225302Z,RELEASE-2024
55e5d77e-7166-4752-81f5-a460ea218c89,SJER_058.basePlot.ltr,D17,SJER,SJER_058,39_400,2023-04-01,2023-04-04,2023,400,190,47.5,,20240104T225302Z,RELEASE-2024
1ff2f2b2-7bce-4441-886c-930acc50c2e5,SJER_051.basePlot.ltr,D17,SJER,SJER_051,39_400,2023-04-01,2023-04-04,2023,400,230,57.5,,20240104T225302Z,RELEASE-2024
e92b8779-3ac1-4c58-a6e8-7145eaa43114,SJER_046.basePlot.ltr,D17,SJER,SJER_046,39_400,2023-04-01,2023-04-04,2023,400,284,71,,20240104T225302Z,RELEASE-2024
c56b6849-9627-4e0f-bdc0-41620ffb2bbc,SJER_054.basePlot.ltr,D17,SJER,SJER_054,39_400,2023-04-01,2023-04-04,2023,400,96,24,,20240104T225302Z,RELEASE-2024
53726868-a646-4736-9aa8-35b4ec96afd1,SJER_052.basePlot.ltr,D17,SJER,SJER_052,21_400,2023-04-01,2023-04-04,2023,400,63,15.75,,20240104T225302Z,RELEASE-2024
dbf0b90b-2574-439b-88ec-703cea4b2087,SJER_060.basePlot.ltr,D17,SJER,SJER_060,23_400,2023-04-01,2023-04-04,2023,400,26,6.5,,20240104T225302Z,RELEASE-2024
cea3fe05-972d-42ff-9d9a-31e7112164c3,SJER_048.basePlot.ltr,D17,SJER,SJER_048,39_400,2023-04-01,2023-04-04,2023,400,37,9.25,,20240104T225302Z,RELEASE-2024
4a18e9f5-1df1-4a58-b770-a7c93d8ea196,SJER_057.basePlot.ltr,D17,SJER,SJER_057,23_400,2023-04-01,2023-04-04,2023,400,132,33,,20240104T225302Z,RELEASE-2024
04c280a9-b0c8-4e5b-b305-066caf647c80,SJER_048.basePlot.ltr,D17,SJER,SJER_048,41_400,2023-04-01,2023-04-04,2023,400,108,27,,20240104T225302Z,RELEASE-2024
d1615bb1-6e5e-4682-aff1-4024a423b6cc,SJER_063.basePlot.ltr,D17,SJER,SJER_063,41_400,2023-04-01,2023-04-04,2023,400,150,37.5,,20240104T225302Z,RELEASE-2024
c1d77c56-56f8-4f4c-ab79-107041e70d40,SJER_061.basePlot.ltr,D17,SJER,SJER_061,41_400,2023-04-01,2023-04-04,2023,400,79,19.75,,20240104T225302Z,RELEASE-2024
b297a662-fb40-4727-8e32-8a5200436359,SJER_046.basePlot.ltr,D17,SJER,SJER_046,41_400,2023-04-01,2023-04-04,2023,400,201,50.25,,20240104T225302Z,RELEASE-2024
ca05561d-2ea6-4499-b442-322537090bd4,SJER_047.basePlot.ltr,D17,SJER,SJER_047,21_400,2023-04-01,2023-04-04,2023,400,226,56.5,,20240104T225302Z,RELEASE-2024
6ea4f3df-3373-4ecd-be2f-cc80a7b25960,SJER_049.basePlot.ltr,D17,SJER,SJER_049,23_400,2023-04-01,2023-04-04,2023,400,232,58,,20240104T225302Z,RELEASE-2024
f2c47554-450c-45f3-bdf4-1a3237e2745f,SJER_055.basePlot.ltr,D17,SJER,SJER_055,39_400,2023-04-01,2023-04-04,2023,400,250,62.5,,20240104T225302Z,RELEASE-2024
778ae009-d6fe-430f-b3b7-a0d3d539d9c4,SJER_060.basePlot.ltr,D17,SJER,SJER_060,39_400,2023-04-01,2023-04-04,2023,400,42,10.5,,20240104T225302Z,RELEASE-2024
4ff03796-5821-4895-adb1-b8f15c8e784d,SJER_050.basePlot.ltr,D17,SJER,SJER_050,21_400,2023-04-01,2023-04-04,2023,400,200,50,,20240104T225302Z,RELEASE-2024
82a0d514-04ba-4a25-aa76-e7743fdfca9a,SJER_054.basePlot.ltr,D17,SJER,SJER_054,21_400,2023-04-01,2023-04-04,2023,400,118,29.5,,20240104T225302Z,RELEASE-2024
74d98127-ec6b-43ee-b83b-dcbc43658948,SJER_064.basePlot.ltr,D17,SJER,SJER_064,21_400,2023-04-01,2023-04-04,2023,400,111,27.75,,20240104T225302Z,RELEASE-2024
3d25be8a-3362-45c6-b5e8-5c12455a1796,SJER_059.basePlot.ltr,D17,SJER,SJER_059,23_400,2023-04-01,2023-04-04,2023,400,191,47.75,,20240104T225302Z,RELEASE-2024
ffdceb04-551c-42a5-a871-e57469ce9e49,SJER_061.basePlot.ltr,D17,SJER,SJER_061,39_400,2023-04-01,2023-04-04,2023,400,23,5.75,,20240104T225302Z,RELEASE-2024
